ID,Name,Ccy,AssetClass
AN,AustrialianDollar,USD,FX
BN,BritishPound,USD,FX
CN,CanadianDollar,USD,FX
FN,Euro,USD,FX
JN,JapaneseYen,USD,FX
EC,EuroDollar,USD,FX
MP,MexicanPeso,USD,FX
SN,SwissFranc,USD,FX
AP,AustralianEquity,AUD,EQ
LX,UKFTSE100Equity,BPN,EQ
CA,FranceCAC40Equity,EUR,EQ
HS,HongKongHSIEquity,HDK,EQ
NK,JapanNikkeiEquity,USD,EQ
AX,GermanDaxEquity,EUR,EQ
XU,EuroDJEuroStoxx50Equity,EUR,EQ
XX,EuroDJStoxx50Equity,USD,EQ
EN,NasdaqEquityMini,USD,EQ
ND,Nasdaq100Equity,USD,EQ
ER,Russell2000Mini,USD,EQ
RL,Russell2000,USD,EQ
ES,SP500Mini,USD,EQ
SP,SP500,USD,EQ
SC,SP500,USD,EQ
MD,SP400Mini,USD,EQ
YM,DowJonesMini,USD,EQ
ZD,DowJones,USD,EQ
BC,BrentCrudeOil,USD,COMM
BG,BrentGasOil,USD,COMM
ZL,SoybeanOil,USD,COMM
ZU,CrudeOil,USD,COMM
ZB,RbobOil,USD,COMM
ZH,HeatingOil,USD,COMM
ZN,NaturalGas,USD,COMM
CC,Cocoa,USD,COMM
CT,Cotton,USD,COMM
DA,Milk,USD,COMM
JO,OrangeJuice,USD,COMM
KC,Coffee,USD,COMM
ZC,Corn,USD,COMM
ZS,Soybeans,USD,COMM
ZM,SoybeanMeal,USD,COMM
ZO,Oats,USD,COMM
LB,Lumber,USD,COMM
MW,Wheat,USD,COMM
ZW,WheatElectronic,USD,COMM
ZR,RiceRough,USD,COMM
SB,Sugar,USD,COMM
ZG,Gold,USD,COMM
ZI,Silver,USD,COMM
ZK,Copper,USD,COMM
ZA,Palladium,USD,COMM
ZP,Platinum,USD,COMM
ZF,CattleFeeder,USD,COMM
ZT,CattleLive,USD,COMM
ZZ,LeanHogs,USD,COMM
FB,TNotes5year,USD,FI
TU,TNotes2year,USD,FI
TY,TNotes10year,USD,FI
US,TBonds,USD,FI
FF,FedFunds,USD,FI
UB,GermanyEuroBobl,EUR,FI
UZ,GermanyEuroSchatz,EUR,FI
SS,UKSterlingShort,BPN,FI
GS,UKGiltLongBond,BPN,FI
CB,Canada10yearBond,CND,FI
DT,EuropeEuroBondBund,EUR,FI
