ID,Name,AssetClass,correlation_tsmom_static,tsmom_annualized_contribution,static_annualized_contribution,alpha_annualized_contribution,alpha_monthly_volatility
LB,Lumber,COMM,-0.3205980795,0.005733541566,-0.00273210994,0.008465651505,0.005225024556
SB,Sugar,COMM,-0.1778623869,0.003662601802,-0.001980896973,0.005643498775,0.005283647086
ZG,Gold,COMM,0.2852350873,0.004972345605,0.0002153890031,0.004756956602,0.004462412116
ZW,WheatElectronic,COMM,0.5726579132,0.009645680463,0.004932930056,0.004712750407,0.006849342441
SN,SwissFranc,FX,0.04719946692,0.004095183548,0.0002105645554,0.003884618993,0.004525084484
JN,JapaneseYen,FX,-0.1943665145,0.003375643863,-0.000160047839,0.003535691702,0.004436365055
FN,Euro,FX,-0.02268321625,0.003341401649,-0.0001137048557,0.003455106504,0.004598639435
ZO,Oats,COMM,0.1397696154,0.002359375403,-0.0001826174654,0.002541992868,0.003956009381
US,TBonds,FI,-0.1305021782,0.004470710482,0.002429282455,0.002041428028,0.004730508408
ZI,Silver,COMM,0.548071463,0.003730113085,0.001894733052,0.001835380033,0.004123689367
BN,BritishPound,FX,0.15221598,0.002629525626,0.001314467384,0.001315058242,0.004190633464
NK,JapanNikkeiEquity,EQ,-0.2753155143,0.001169709514,-0.0001395671091,0.001309276623,0.002587326236
MW,Wheat,COMM,0.2601264756,0.001974401687,0.0008262748099,0.001148126877,0.002488847417
ZN,NaturalGas,COMM,-0.03955778802,0.0003508186304,-0.000601938413,0.0009527570433,0.002297908705
ZC,Corn,COMM,0.5409746706,0.002949185973,0.002034521137,0.0009146648366,0.006246717378
XU,EuroDJEuroStoxx50Equity,EQ,-0.381762213,0.0009166287797,9.231741544e-05,0.0008243113643,0.001782497998
CN,CanadianDollar,FX,-0.05989462285,0.001322539432,0.0005646154293,0.0007579240026,0.003347615046
ZP,Platinum,COMM,0.5168577218,0.002753978261,0.002085293734,0.000668684527,0.004642577609
ZA,Palladium,COMM,0.2308568064,0.002652900965,0.001997201847,0.0006556991181,0.002467482215
AX,GermanDaxEquity,EQ,-0.2450535361,0.001272453377,0.0006284072929,0.000644046084,0.001942653975
DA,Milk,COMM,0.3043556824,0.001442188938,0.000884029637,0.0005581593008,0.001472536579
CA,FranceCAC40Equity,EQ,-0.2721393236,0.0008816585112,0.0003762733622,0.000505385149,0.001875334188
XX,EuroDJStoxx50Equity,EQ,-0.1794743778,0.0008462434072,0.0004488381801,0.0003974052272,0.001479265016
ZD,DowJones,EQ,-0.1358471641,0.001124802157,0.0008261257242,0.0002986764329,0.00180610431
YM,DowJonesMini,EQ,0.1076621637,0.001052125045,0.0008320458002,0.0002200792443,0.001347391658
ZZ,LeanHogs,COMM,0.1997602292,0.005517967578,0.005321779585,0.0001961879929,0.007822042549
CC,Cocoa,COMM,-0.1407093664,-0.0008359630272,-0.00100109449,0.000165131463,0.00354689886
CT,Cotton,COMM,0.1804222222,0.003000679867,0.003066137236,-6.545736891e-05,0.005379935148
ND,Nasdaq100Equity,EQ,0.1083199089,0.001100281594,0.001253782874,-0.0001535012802,0.001823642694
ZU,CrudeOil,COMM,-0.02745947403,0.001360563908,0.001528258337,-0.0001676944293,0.00321018387
KC,Coffee,COMM,-0.01241650427,0.002325983465,0.002545489011,-0.0002195055464,0.005080009417
SS,UKSterlingShort,FI,-0.05031454273,0.000920572482,0.001218169267,-0.0002975967852,0.001898723154
AP,AustralianEquity,EQ,0.280652778,8.886369185e-05,0.0003926439816,-0.0003037802897,0.0007441038884
ZF,CattleFeeder,COMM,-0.1659264894,0.002069345565,0.002421925148,-0.0003525795834,0.004409208709
TU,TNotes2year,FI,0.6177365096,0.003531457247,0.003889880644,-0.0003584233969,0.001490209279
AN,AustrialianDollar,FX,0.1073194711,0.001073159734,0.00150938636,-0.0004362266256,0.002296322138
ZK,Copper,COMM,0.05804058741,0.0008193857816,0.001303636398,-0.0004842506167,0.002310445767
ZR,RiceRough,COMM,-0.1193365288,-0.001031489554,-0.0004910699983,-0.000540419556,0.002900632835
HS,HongKongHSIEquity,EQ,-0.05632838142,0.0002338885994,0.0008495552518,-0.0006156666524,0.001744082978
ZB,RbobOil,COMM,0.1239597848,0.0014695688,0.002137463441,-0.0006678946412,0.002779558901
UZ,GermanyEuroSchatz,FI,0.5225933325,0.0009259844776,0.001634077307,-0.0007080928292,0.001170105345
RL,Russell2000,EQ,-0.04108020988,0.0007201700142,0.001454403911,-0.0007342338965,0.002126839223
SP,SP500,EQ,0.3518952201,0.002880783412,0.003735144105,-0.0008543606931,0.002619650283
ZT,CattleLive,COMM,0.1030311016,0.00453935434,0.005411774316,-0.0008724199761,0.00912472097
LX,UKFTSE100Equity,EQ,-0.06219328183,0.0001364031928,0.001051527972,-0.0009151247797,0.002361194858
UB,GermanyEuroBobl,FI,0.557468683,0.0009319884448,0.00184935233,-0.0009173638856,0.00112767702
FB,TNotes5year,FI,0.5860604664,0.002303416579,0.003428944249,-0.00112552767,0.00159177738
TY,TNotes10year,FI,0.4005879677,0.002940984935,0.004082914119,-0.001141929185,0.002647865872
CB,Canada10yearBond,FI,0.6939991651,0.001665119407,0.00286367788,-0.001198558473,0.00114536601
MD,SP400Mini,EQ,0.1493957508,0.0009195870325,0.002163194807,-0.001243607775,0.001990988092
GS,UKGiltLongBond,FI,0.4709402981,0.000744972461,0.002011916921,-0.00126694446,0.00175115896
ZL,SoybeanOil,COMM,0.6306060775,0.01174214057,0.01304006956,-0.001297928994,0.008137512513
MP,MexicanPeso,FX,0.3960011776,0.0003132506985,0.001612406971,-0.001299156272,0.001499200589
DT,EuropeEuroBondBund,FI,0.5052026837,0.001476027269,0.002936944508,-0.001460917239,0.001645240545
ZM,SoybeanMeal,COMM,0.4343162182,0.007219800166,0.009228543209,-0.002008743043,0.009332340743
JO,OrangeJuice,COMM,-0.3796816445,-0.0002631744122,0.002321188641,-0.002584363054,0.006505081913
EC,EuroDollar,FX,0.2744165032,0.002080337762,0.005966226257,-0.003885888495,0.003384557541
ZS,Soybeans,COMM,0.5336953822,0.001519722111,0.005770660695,-0.004250938585,0.007948964301
