Date,lecture_baseline_tsmom_12m_full_sample_40pct_vol,lecture_static_benchmark_full_sample_40pct_vol,alpha_tsmom_minus_static
1969-01-31,0,0,0
1969-02-28,0,0,0
1969-03-31,0,-0.03056953328,0.03056953328
1969-04-30,0,0.03418754905,-0.03418754905
1969-05-30,0,-0.02281594009,0.02281594009
1969-06-30,0,-0.01607930808,0.01607930808
1969-07-31,0,-0.007152751024,0.007152751024
1969-08-29,0,0.04436353413,-0.04436353413
1969-09-30,0,0.06098559029,-0.06098559029
1969-10-31,0,0.08813871738,-0.08813871738
1969-11-28,0,-0.009709602337,0.009709602337
1969-12-31,0,0.0736996252,-0.0736996252
1970-01-30,0,0.0324693982,-0.0324693982
1970-02-27,0.06827534358,0.1122132911,-0.04393794756
1970-03-31,-0.02846613877,-0.03697183928,0.008505700514
1970-04-30,0.0840898267,0.06545284198,0.01863698473
1970-05-29,-0.02930770424,-0.02814778024,-0.001159924005
1970-06-30,0.04462681213,0.05766225801,-0.01303544588
1970-07-31,0.04111462729,0.009587108127,0.03152751916
1970-08-31,0.02342912406,0.05323045628,-0.02980133222
1970-09-30,0.07152777474,0.04046706372,0.03106071102
1970-10-30,0.09664695916,0.0169573726,0.07968958656
1970-11-30,-0.02565903771,-0.01136777114,-0.01429126656
1970-12-31,-0.02419826465,-0.01948048659,-0.004717778061
1971-01-29,0.01619305827,0.04306235104,-0.02686929277
1971-02-26,-0.01206685592,-0.01415820371,0.00209134779
1971-03-31,-0.0285206224,-0.007151179127,-0.02136944327
1971-04-30,-0.0338881734,-0.009287226165,-0.02460094724
1971-05-31,0.05035705914,0.06341802822,-0.01306096907
1971-06-30,0.05095984598,0.01089818249,0.04006166349
1971-07-30,-0.003251862792,0.002151296244,-0.005403159036
1971-08-31,0.002193878564,-0.05024571616,0.05243959472
1971-09-30,-0.01086230484,-0.003525911376,-0.007336393462
1971-10-29,-0.00819963549,0.06304703123,-0.07124666672
1971-11-30,-0.01683482092,0.003870619266,-0.02070544018
1971-12-31,-0.02371591689,0.03785674874,-0.06157266563
1972-01-31,0.02447021051,0.03139636492,-0.006926154408
1972-02-29,-0.0123101329,-0.003489771858,-0.008820361045
1972-03-31,0.02656611714,0.03727373703,-0.01070761988
1972-04-28,0.01702496348,0.01325161949,0.003773343989
1972-05-31,0.02582673414,0.02071023307,0.00511650107
1972-06-30,0.01243219481,-0.0006076444865,0.01303983929
1972-07-31,-0.0121609754,-0.01570039497,0.003539419572
1972-08-31,0.03289897085,0.08002303082,-0.04712405997
1972-09-29,0.08974837638,0.08392587825,0.005822498128
1972-10-31,-0.002198008529,-0.002198008529,0
1972-11-30,0.07925544243,0.0627277949,0.01652764753
1972-12-29,0.1657550351,0.1627622947,0.002992740458
1973-01-31,0.0824828399,0.1081323654,-0.02564952549
1973-02-28,0.1002298717,0.1980772085,-0.09784733683
1973-03-30,-0.07005746089,-0.06609811767,-0.00395934322
1973-04-30,0.1947485105,0.1408773191,0.05387119144
1973-05-31,0.4248175629,0.3149732637,0.1098442992
1973-06-29,-0.05764933346,-0.01625727637,-0.04139205709
1973-07-31,0.3856062088,0.3017212223,0.08388498657
1973-08-31,-0.05532240094,-0.002208194948,-0.05311420599
1973-09-28,-0.07838963789,-0.03851551864,-0.03987411924
1973-10-31,-0.1306028958,-0.09730195325,-0.03330094252
1973-11-30,0.1157791582,0.08670517391,0.02907398431
1973-12-31,0.02052454863,0.07645854781,-0.05593399919
1974-01-31,0.1269295578,0.1069331383,0.01999641947
1974-02-28,0.1149669422,0.04811695285,0.06684998937
1974-03-29,-0.068181895,-0.1178812937,0.0496993987
1974-04-30,-0.02688676672,-0.06129643085,0.03440966413
1974-05-31,0.0003032823425,-0.105436122,0.1057394043
1974-06-28,-0.02876365203,0.09680508457,-0.1255687366
1974-07-31,-0.0796878554,0.3141035325,-0.3937913879
1974-08-30,-0.01781695269,-0.1906595848,0.1728426321
1974-09-30,0.03549268932,0.09275448749,-0.05726179816
1974-10-31,0.03581954854,-0.04010235832,0.07592190686
1974-11-29,0.007445137014,-0.04965622825,0.05710136526
1974-12-31,-0.01513712512,-0.1100518595,0.09491473441
1975-01-31,0.02867107843,-0.1163571589,0.1450282373
1975-02-28,0.01903457421,-0.0986867352,0.1177213094
1975-03-31,-0.08979439207,0.118085742,-0.2078801341
1975-04-30,-0.01563703434,-0.04035512023,0.02471808589
1975-05-30,-0.005150113813,-0.013558082,0.008407968188
1975-06-30,-0.00284979534,0.01205767552,-0.01490747086
1975-07-31,-0.1665589586,0.1116357649,-0.2781947235
1975-08-29,-0.005381965946,0.0259644333,-0.03134639925
1975-09-30,0.04131146809,-0.01699057993,0.05830204802
1975-10-31,0.03318660935,-0.08023643819,0.1134230475
1975-11-28,0.06417236469,-0.005538345087,0.06971070977
1975-12-31,0.03751445193,-0.02425089982,0.06176535174
1976-01-30,-0.02568412515,-0.02644709065,0.0007629654979
1976-02-27,-0.01337790328,0.04560676848,-0.05898467176
1976-03-31,0.0001151829383,-0.03680309893,0.03691828187
1976-04-30,0.01808337907,0.04156611201,-0.02348273294
1976-05-31,-0.01414152528,0.04424561944,-0.05838714473
1976-06-30,0.04894567172,0.05886442216,-0.009918750442
1976-07-30,-0.02939940587,-0.09142756187,0.062028156
1976-08-31,0.04527068252,-0.0255646057,0.07083528821
1976-09-30,0.01513915791,-0.0289132339,0.04405239181
1976-10-29,0.03269052887,0.01009483588,0.02259569298
1976-11-30,-0.032162827,0.01673254606,-0.04889537306
1976-12-31,0.00829506613,0.0406353748,-0.03234030867
1977-01-31,-0.03842780696,0.04385882485,-0.08228663181
1977-02-28,0.03550063853,0.03792821118,-0.002427572649
1977-03-31,0.04144772818,0.0501510368,-0.008703308621
1977-04-29,0.01885924997,0.03567539117,-0.01681614121
1977-05-31,0.01770404439,-0.03797217485,0.05567621924
1977-06-30,-0.02155613804,-0.08186597663,0.06030983858
1977-07-29,0.04246087054,-0.07817037874,0.1206312493
1977-08-31,0.009623918514,-0.02501836703,0.03464228555
1977-09-30,0.005420897182,0.03737219113,-0.03195129395
1977-10-31,0.02724668211,0.05758960854,-0.03034292644
1977-11-30,-0.02088767071,0.06014274229,-0.081030413
1977-12-30,0.03379344531,0.06778726155,-0.03399381624
1978-01-31,0.0459222966,0.02132231783,0.02459997878
1978-02-28,0.04753716419,0.0351343815,0.01240278269
1978-03-31,-0.0689571393,0.07606769303,-0.1450248323
1978-04-28,-0.03397810463,-0.0201430205,-0.01383508412
1978-05-31,0.01349636059,0.0753940783,-0.06189771771
1978-06-30,0.01275355478,-0.05738765016,0.07014120493
1978-07-31,0.06095530545,0.04812901096,0.01282629449
1978-08-31,0.03219495757,0.04012756574,-0.007932608174
1978-09-29,0.04163583017,0.05433708822,-0.01270125804
1978-10-31,0.1166680563,0.1072026004,0.00946545595
1978-11-30,-0.09294195555,-0.09754890417,0.00460694862
1978-12-29,0.0608392037,0.03609690578,0.02474229792
1979-01-31,0.007270627092,0.005782614626,0.001488012465
1979-02-28,0.0605176163,0.05277229336,0.007745322941
1979-03-30,-0.0296193627,-0.02539277848,-0.004226584217
1979-04-30,0.02894319922,0.01600099379,0.01294220543
1979-05-31,-0.004787442262,-0.00930513006,0.004517687798
1979-06-29,0.02012570512,0.05029612914,-0.03017042402
1979-07-31,-0.02153876947,-0.03490065651,0.01336188703
1979-08-31,0.0690310836,0.09663989503,-0.02760881142
1979-09-28,0.08128827509,0.08583657241,-0.004548297314
1979-10-31,-0.04908553643,-0.09441189184,0.04532635541
1979-11-30,0.03331734836,0.07507819176,-0.0417608434
1979-12-31,0.05310508035,0.05095276503,0.002152315318
1980-01-31,0.1008795215,0.03541491703,0.06546460447
1980-02-29,0.03443076581,-0.05362908698,0.08805985279
1980-03-31,-0.01955540474,-0.2101995855,0.1906441807
1980-04-30,-0.06671564051,0.03980735032,-0.1065229908
1980-05-30,-0.004730697975,0.08014517618,-0.08487587415
1980-06-30,-0.02108449364,0.08131104928,-0.1023955429
1980-07-31,-0.02555718787,0.02117546156,-0.04673264943
1980-08-29,0.009654202888,0.01582435309,-0.006170150203
1980-09-30,0.01772377125,0.0211038731,-0.003380101847
1980-10-31,0.01733479074,-0.01344944547,0.03078423621
1980-11-28,0.001359556867,-0.03090317461,0.03226273147
1980-12-31,0.003362763601,-0.08902639909,0.09238916269
1981-01-30,0.02867392518,-0.0995390311,0.1282129563
1981-02-27,0.03863667696,-0.06196938476,0.1006060617
1981-03-31,-0.01792862195,0.01102366291,-0.02895228486
1981-04-30,0.02214189174,-0.07188632195,0.09402821369
1981-05-29,0.01407199352,-0.0462844763,0.06035646982
1981-06-30,0.05560999607,-0.1271650635,0.1827750596
1981-07-31,0.02318178757,-0.003635108957,0.02681689653
1981-08-31,0.04286848326,-0.04919900011,0.09206748337
1981-09-30,0.01744730145,-0.01290114237,0.03034844382
1981-10-30,-0.04033569973,0.02227600305,-0.06261170278
1981-11-30,-0.01072474419,0.007479771431,-0.01820451562
1981-12-31,0.08477510921,-0.07618808251,0.1609631917
1982-01-29,-0.006302632765,0.02820813024,-0.03451076301
1982-02-26,0.06153085974,-0.07152581504,0.1330566748
1982-03-31,0.03711713815,-0.03088636426,0.06800350241
1982-04-30,-0.00241038037,0.02991436618,-0.03232474655
1982-05-31,0.06458179364,-0.05006645052,0.1146482442
1982-06-30,0.05095897586,-0.08037745141,0.1313364273
1982-07-30,-0.00163293418,0.02129590743,-0.02292884161
1982-08-31,0.02066714011,0.04489680241,-0.0242296623
1982-09-30,0.0558076245,-0.02598350385,0.08179112835
1982-10-29,-0.005543682111,0.05241651742,-0.05796019953
1982-11-30,-0.05163362119,0.05746025392,-0.1090938751
1982-12-31,-0.01225491432,0.03448275532,-0.04673766964
1983-01-31,-0.009733084167,0.02538080192,-0.03511388609
1983-02-28,0.01376438002,-0.03369658402,0.04746096404
1983-03-31,-0.06197599023,0.02107493256,-0.08305092279
1983-04-29,0.007055106991,0.05287221924,-0.04581711225
1983-05-31,-0.01905540283,-0.004319036263,-0.01473636656
1983-06-30,-0.008761823856,-0.01401615856,0.005254334704
1983-07-29,-0.0304367028,-0.0004928943416,-0.02994380846
1983-08-31,0.05110534851,0.01930275609,0.03180259242
1983-09-30,0.003412959075,0.01844037593,-0.01502741686
1983-10-31,-0.03225992267,-0.05053124999,0.01827132732
1983-11-30,-0.001486442882,0.02503964681,-0.02652608969
1983-12-30,0.0441334881,0.00930002446,0.03483346364
1984-01-31,0.01957864853,-0.04305767025,0.06263631878
1984-02-29,-0.01940233138,0.0207130912,-0.04011542258
1984-03-30,0.03425174718,0.01570076793,0.01855097925
1984-04-30,0.05173118917,-0.06045705858,0.1121882477
1984-05-31,0.04768292154,-0.03391488049,0.08159780203
1984-06-29,0.01546577465,-0.05549234998,0.07095812462
1984-07-31,-0.01246312689,-0.08288274467,0.07041961778
1984-08-31,-0.02882095514,0.04783188339,-0.07665283853
1984-09-28,0.04413059292,-0.04120774195,0.08533833487
1984-10-31,-0.01259973983,0.04714421403,-0.05974395387
1984-11-30,0.04290316375,-0.01155838786,0.05446155161
1984-12-31,0.05105254147,-0.04103878717,0.09209132863
1985-01-31,0.02168687445,0.01917998417,0.002506890282
1985-02-28,0.0379614822,-0.1070254558,0.144986938
1985-03-29,-0.06066565565,0.1015949506,-0.1622606062
1985-04-30,0.04628507229,-0.02492303099,0.07120810328
1985-05-31,0.04899119347,0.03258014644,0.01641104703
1985-06-28,0.01005224221,-0.008841239659,0.01889348187
1985-07-31,-0.0395437175,0.005625359761,-0.04516907726
1985-08-30,0.006048140456,-0.001720914578,0.007769055034
1985-09-30,-0.04027118059,0.04541662373,-0.08568780431
1985-10-31,-0.006986132,0.06267330886,-0.06965944086
1985-11-29,0.03697278274,0.03152257607,0.005450206679
1985-12-31,0.03810775888,0.0234923376,0.01461542128
1986-01-31,0.01566623552,-0.03906298963,0.05472922514
1986-02-28,0.07634834735,0.0353093503,0.04103899705
1986-03-31,0.04731614536,0.03240260982,0.01491353553
1986-04-30,-0.009249253674,0.05779283357,-0.06704208724
1986-05-30,-0.05822511168,-0.07638565519,0.01816054351
1986-06-30,0.05448783258,0.04856778943,0.005920043149
1986-07-31,0.03126215475,0.01047911923,0.02078303552
1986-08-29,0.05711947573,0.1092227054,-0.05210322968
1986-09-30,-0.02587769257,-0.02391167696,-0.001966015613
1986-10-31,-0.02383653429,0.009823147719,-0.03365968201
1986-11-28,0.004685724089,0.02164144144,-0.01695571735
1986-12-31,0.004963731001,-0.0004415611857,0.005405292187
1987-01-30,0.01671221881,0.08055627112,-0.06384405231
1987-02-27,0.00799597135,-0.00359803373,0.01159400508
1987-03-31,0.03953116325,0.03630946336,0.003221699891
1987-04-30,0.03335363893,0.05710605073,-0.0237524118
1987-05-29,0.001533117115,-0.008519753649,0.01005287076
1987-06-30,0.01294947352,0.005564200505,0.007385273016
1987-07-31,0.04570523627,0.009584058686,0.03612117759
1987-08-31,0.02985008006,0.02194591706,0.007904162995
1987-09-30,0.01821320326,-0.002840490086,0.02105369335
1987-10-30,-0.02372225547,0.02717493249,-0.05089718796
1987-11-30,0.04598808375,0.06645155529,-0.02046347154
1987-12-31,0.0009463342494,0.0258212444,-0.02487491015
1988-01-29,-0.05887417723,0.01033878475,-0.06921296198
1988-02-29,-0.0004841117098,-0.003073956792,0.002589845082
1988-03-31,0.01754505806,0.01907227114,-0.001527213084
1988-04-29,-0.01426218083,-0.01163870473,-0.002623476105
1988-05-31,-0.003531487656,0.04546782464,-0.0489993123
1988-06-30,0.0475153382,0.08535766212,-0.03784232391
1988-07-29,-0.04893735536,-0.07281179347,0.0238744381
1988-08-31,0.02255138683,-0.0205699381,0.04312132493
1988-09-30,0.01185407581,-0.009556900726,0.02141097654
1988-10-31,-0.01787377354,0.05325750554,-0.07113127908
1988-11-30,-0.03300845593,0.0140769317,-0.04708538762
1988-12-30,0.005195046404,0.01345848899,-0.008263442584
1989-01-31,0.02464089549,-0.03100842337,0.05564931886
1989-02-28,-0.01115600871,-0.01186762403,0.0007116153215
1989-03-31,0.03772433523,-0.009018108613,0.04674244384
1989-04-28,-0.005625787542,0.01842867932,-0.02405446686
1989-05-31,0.02549198298,-0.04399763179,0.06948961477
1989-06-30,0.01768765029,0.04434840229,-0.02666075199
1989-07-31,0.02892894268,0.008686801538,0.02024214115
1989-08-31,-0.006664206059,-0.04701347255,0.04034926649
1989-09-29,-0.01327568736,0.02018489174,-0.0334605791
1989-10-31,0.02015883183,-0.00223586687,0.0223946987
1989-11-30,-0.01610933363,0.02305159356,-0.03916092718
1989-12-29,-0.007434654476,0.01586038558,-0.02329504006
1990-01-31,0.003249365711,-0.02718792982,0.03043729553
1990-02-28,-0.02347042001,-0.01552215061,-0.007948269399
1990-03-30,0.003971195545,0.0003422020161,0.003628993529
1990-04-30,-0.02731712885,-0.01525016763,-0.01206696122
1990-05-31,0.004711075992,0.04676031842,-0.04204924243
1990-06-29,0.01165807971,0.01620066923,-0.004542589517
1990-07-31,0.04250503257,0.02021602047,0.0222890121
1990-08-31,0.061527125,-0.03504657155,0.09657369654
1990-09-28,0.02594067263,0.007896477962,0.01804419467
1990-10-31,-0.01664430452,-0.002320266882,-0.01432403764
1990-11-30,-0.007585299371,-0.003709232464,-0.003876066907
1990-12-31,0.002312549354,0.002154691429,0.0001578579251
1991-01-31,-0.008800214274,0.01454884979,-0.02334906407
1991-02-28,-0.01459956645,0.01961118,-0.03421074645
1991-03-29,-0.04476886624,-0.02006880865,-0.02470005759
1991-04-30,0.03402443789,0.009548342427,0.02447609547
1991-05-31,-0.0137154962,-0.008671771304,-0.0050437249
1991-06-28,0.0087070003,-0.05064311455,0.05935011485
1991-07-31,-0.02842131172,0.04956826016,-0.07798957188
1991-08-30,0.03019843052,0.01308296252,0.01711546799
1991-09-30,-0.002235914165,0.05989300453,-0.06212891869
1991-10-31,-0.01228042718,0.02073896919,-0.03301939638
1991-11-29,0.007696653863,-0.01804847614,0.02574513001
1991-12-31,0.04576909485,0.03221391235,0.01355518251
1992-01-31,-0.02916470511,-0.01353547212,-0.01562923299
1992-02-28,0.01027870833,-0.0209785871,0.03125729543
1992-03-31,-0.0217727916,-0.031375067,0.009602275401
1992-04-30,0.03155550934,-0.008159962097,0.03971547144
1992-05-29,0.0236403622,0.04445576286,-0.02081540065
1992-06-30,0.01672835774,0.01853013193,-0.00180177419
1992-07-31,0.002814052902,0.01139504792,-0.008580995023
1992-08-31,0.02991648981,0.007953970777,0.02196251904
1992-09-30,0.02037640793,0.04722874131,-0.02685233338
1992-10-30,-0.04773676428,-0.0320024428,-0.01573432148
1992-11-30,-0.01697720071,-0.003062151275,-0.01391504944
1992-12-31,0.03216671141,0.02200169962,0.0101650118
1993-01-29,0.03790968172,0.01237887617,0.02553080555
1993-02-26,0.06218108111,0.03617544594,0.02600563518
1993-03-31,0.002850198919,0.0470749526,-0.04422475368
1993-04-30,-0.008155964039,0.00798221689,-0.01613818093
1993-05-31,-0.003313467093,-0.005953288949,0.002639821856
1993-06-30,0.004013638342,0.01023879977,-0.006225161428
1993-07-30,0.01976243923,0.03980496778,-0.02004252855
1993-08-31,0.02019120755,0.01860019617,0.00159101138
1993-09-30,-0.02903080073,-0.007013091368,-0.02201770936
1993-10-29,0.0006295793332,0.02425343392,-0.02362385458
1993-11-30,0.01313974692,-0.01129986362,0.02443961055
1993-12-31,0.03305712153,0.04823873722,-0.01518161569
1994-01-31,0.022375259,0.02944165277,-0.007066393766
1994-02-28,-0.03176675751,-0.03775939046,0.005992632942
1994-03-31,-0.02988015313,-0.04877137174,0.01889121861
1994-04-29,0.005066928108,-0.02178045055,0.02684737866
1994-05-31,0.01378023847,0.004680899834,0.009099338636
1994-06-30,-0.008319721103,-0.01055180945,0.002232088348
1994-07-29,-0.01700348321,0.0359422306,-0.0529457138
1994-08-31,0.02437991508,0.008121955503,0.01625795958
1994-09-30,0.02634901202,-0.03739901959,0.06374803161
1994-10-31,-0.001517496256,0.01868014104,-0.02019763729
1994-11-30,0.02541002642,-0.04022341652,0.06563344294
1994-12-30,0.01063032063,0.02116708776,-0.01053676713
1995-01-31,-0.01435244938,0.002037135703,-0.01638958509
1995-02-28,-0.006567556058,0.03869752621,-0.04526508227
1995-03-31,0.02503713525,0.0288843077,-0.003847172457
1995-04-28,0.00701203164,0.03643228582,-0.02942025418
1995-05-31,0.0262536532,0.04405657221,-0.01780291901
1995-06-30,0.01683590412,0.006641381217,0.01019452291
1995-07-31,-0.01232383615,0.02069694325,-0.0330207794
1995-08-31,-0.006334072657,0.01176140471,-0.01809547737
1995-09-29,0.02756911956,0.0285789233,-0.001009803736
1995-10-31,0.02005854108,0.0008865239182,0.01917201716
1995-11-30,0.02941960575,0.02381531724,0.00560428851
1995-12-29,0.02619589356,0.02394534368,0.002250549884
1996-01-31,-0.009003537327,0.0115589495,-0.02056248683
1996-02-29,-0.01988719778,-0.01942620544,-0.0004609923368
1996-03-29,0.009446487172,0.008978722133,0.0004677650396
1996-04-30,0.03909500583,0.03072306009,0.008371945743
1996-05-31,-0.02706898652,-0.007394893056,-0.01967409346
1996-06-28,-0.01403651592,-0.001172164838,-0.01286435109
1996-07-31,-0.03497535575,-0.0137302644,-0.02124509135
1996-08-30,0.02065926231,0.02927327017,-0.008614007865
1996-09-30,0.02125627457,0.009835432996,0.01142084158
1996-10-31,-0.006106932797,0.004849157797,-0.01095609059
1996-11-29,0.03444383047,0.06372510537,-0.02928127489
1996-12-31,0.01993407504,-0.02740564875,0.0473397238
1997-01-31,0.02286078004,0.002058990577,0.02080178946
1997-02-28,0.004521361155,0.02114631515,-0.01662495399
1997-03-31,0.01465579879,-0.01854170508,0.03319750387
1997-04-30,0.02067210488,0.02805717555,-0.007385070674
1997-05-30,0.02553636348,0.04327083652,-0.01773447304
1997-06-30,0.0033944225,-0.01731742526,0.02071184776
1997-07-31,0.04912382794,0.05703038598,-0.007906558041
1997-08-29,-0.02512418823,-0.02500629544,-0.0001178927892
1997-09-30,0.01083835427,0.032635763,-0.02179740873
1997-10-31,0.001915431848,-0.00726427758,0.009179709428
1997-11-28,0.003641534506,-0.01628313273,0.01992466723
1997-12-31,0.03021370363,-0.02856691827,0.0587806219
1998-01-30,0.005370232411,0.03533408274,-0.02996385033
1998-02-27,0.008766436573,-0.002671148976,0.01143758555
1998-03-31,0.02848835856,0.004208984982,0.02427937357
1998-04-30,0.02449357094,-0.008513123312,0.03300669426
1998-05-29,0.001826273054,-0.03608913039,0.03791540344
1998-06-30,0.02528049269,-0.006114206897,0.03139469958
1998-07-31,0.02822274459,-0.04485310125,0.07307584584
1998-08-31,0.04042117757,-0.07736820308,0.1177893807
1998-09-30,-0.01597780674,0.08845768919,-0.1044354959
1998-10-30,-0.02836608327,0.05603750197,-0.08440358523
1998-11-30,0.03771580019,-0.003671758307,0.0413875585
1998-12-31,0.03480588021,0.002297922228,0.03250795799
1999-01-29,-0.008185255101,0.004933871448,-0.01311912655
1999-02-26,-0.005548975902,-0.07842427423,0.07287529833
1999-03-31,-0.01873670669,0.05427786426,-0.07301457095
1999-04-30,-0.02100987631,0.03562828801,-0.05663816433
1999-05-31,-0.004337029478,-0.04755438213,0.04321735265
1999-06-30,0.01443376709,0.01859996676,-0.004166199671
1999-07-30,0.008526001985,-0.02196427448,0.03049027646
1999-08-31,-0.01024066961,0.01685172567,-0.02709239528
1999-09-30,-0.005325088458,0.007619102685,-0.01294419114
1999-10-29,0.02045180222,-0.005414542442,0.02586634467
1999-11-30,0.05051597444,0.01792835116,0.03258762328
1999-12-31,0.06818096181,0.01769109,0.05048987182
2000-01-31,0.002595177168,-0.02771126532,0.03030644249
2000-02-29,0.03291722285,0.03501025105,-0.002093028201
2000-03-31,-0.01023001342,0.04959025934,-0.05982027276
2000-04-28,0.005838245819,-0.05964394508,0.0654821909
2000-05-31,0.00323216142,-0.008196655011,0.01142881643
2000-06-30,0.02281388825,0.02332409646,-0.0005102082089
2000-07-31,0.02905771684,-0.0226408746,0.05169859144
2000-08-31,0.02755810664,0.03109921036,-0.003541103724
2000-09-29,-0.01760367535,-0.02636103021,0.008757354857
2000-10-31,0.02342678479,-0.0272552394,0.05068202419
2000-11-30,0.02269315662,0.01063418497,0.01205897164
2000-12-29,0.01344028158,0.04459745918,-0.0311571776
2001-01-31,-0.004267843506,0.004041474881,-0.008309318387
2001-02-28,0.03857989558,-0.04021699471,0.07879689028
2001-03-30,0.0541968037,-0.06688419232,0.121080996
2001-04-30,-0.07596180126,0.03893246441,-0.1148942657
2001-05-31,0.01371417043,-0.009690034506,0.02340420493
2001-06-29,0.01663779648,-0.02479035112,0.0414281476
2001-07-31,0.008333943108,0.01995336508,-0.01161942198
2001-08-31,0.04739018378,-0.01891952705,0.06630971083
2001-09-28,0.1164099526,-0.06694404173,0.1833539944
2001-10-31,0.02495041229,0.03833593551,-0.01338552322
2001-11-30,-0.05466538338,0.03412474254,-0.08879012592
2001-12-31,-0.02024064915,-0.02047672209,0.0002360729422
2002-01-31,0.023310356,-0.02386752539,0.04717788139
2002-02-28,0.008484091608,0.01732215699,-0.008838065377
2002-03-29,-0.07820766694,0.01672940671,-0.09493707365
2002-04-30,0.02340982527,5.645642736e-05,0.02335336885
2002-05-31,0.0260632984,0.02673360069,-0.0006703022934
2002-06-28,0.06666443505,0.008335622084,0.05832881296
2002-07-31,0.06415864249,-0.002755931151,0.06691457364
2002-08-30,0.04141806917,0.02217149693,0.01924657224
2002-09-30,0.09628959013,-0.01377193059,0.1100615207
2002-10-31,-0.0497676645,0.04152957703,-0.09129724152
2002-11-29,-0.03957752779,0.01942848248,-0.05900601027
2002-12-31,0.09487274141,0.002577943067,0.09229479834
2003-01-31,0.04723671971,0.01815949112,0.02907722859
2003-02-28,0.05188337821,0.00380937139,0.04807400682
2003-03-31,-0.01780054969,-0.03825029745,0.02044974776
2003-04-30,-0.04092016925,0.06029874777,-0.101218917
2003-05-30,0.01395170022,0.0849261125,-0.07097441228
2003-06-30,-0.02714443239,0.00627751978,-0.03342195217
2003-07-31,-0.0661537107,-0.01505956511,-0.0510941456
2003-08-29,-0.007112572798,0.05280712635,-0.05991969914
2003-09-30,0.06985786977,0.0482869429,0.02157092688
2003-10-31,0.04790054624,0.03392097791,0.01397956833
2003-11-28,0.02242405555,0.01480464465,0.007619410896
2003-12-31,0.0425301649,0.05480227802,-0.01227211312
2004-01-30,0.01319003359,0.04423929272,-0.03104925913
2004-02-27,0.0627457628,0.06712174697,-0.004375984174
2004-03-31,0.01665911213,0.03817956086,-0.02152044874
2004-04-30,-0.04561435424,-0.0582258466,0.01261149236
2004-05-31,-0.01107159492,-0.003737333936,-0.007334260987
2004-06-30,-0.01546983093,-0.008884703501,-0.006585127431
2004-07-30,-0.02737373874,-0.01591284592,-0.01146089282
2004-08-31,0.002829642146,0.04752902495,-0.0446993828
2004-09-30,0.02058925494,0.01439021339,0.006199041552
2004-10-29,0.02099757178,0.02153012678,-0.0005325549999
2004-11-30,0.05856583278,0.05295086332,0.005614969462
2004-12-31,0.006322992675,0.0108595532,-0.004536560528
2005-01-31,0.004068081512,-0.01265586472,0.01672394623
2005-02-28,-0.009466737084,0.04246044564,-0.05192718272
2005-03-31,-0.004381731819,-0.003108273171,-0.001273458648
2005-04-29,-0.01560074294,-0.01499080185,-0.0006099410822
2005-05-31,0.01215832487,0.02399449988,-0.01183617501
2005-06-30,0.01685092422,0.009756913359,0.007094010864
2005-07-29,-0.01198718617,0.01637685261,-0.02836403878
2005-08-31,0.003774985456,0.01278595531,-0.009010969855
2005-09-30,0.00494667644,0.01908191955,-0.01413524311
2005-10-31,-0.03333593236,-0.04058100603,0.007245073675
2005-11-30,0.04348056442,0.02802862785,0.01545193657
2005-12-30,0.01277523183,0.0413974203,-0.02862218847
2006-01-31,0.01940863791,0.03111055536,-0.01170191745
2006-02-28,-0.007483522543,-0.02658752988,0.01910400734
2006-03-31,0.01592264407,-0.01152697889,0.02744962296
2006-04-28,0.006595478901,0.03805677338,-0.03146129448
2006-05-31,-0.02503268503,-0.01713111102,-0.007901574016
2006-06-30,0.002067584915,-0.004788915119,0.006856500033
2006-07-31,-0.02104447411,0.01000773812,-0.03105221223
2006-08-31,0.002222208262,0.01251184062,-0.01028963235
2006-09-29,0.002773770315,-0.02076725739,0.0235410277
2006-10-31,0.01008259535,0.04086053481,-0.03077793946
2006-11-30,0.01300480189,0.04024344504,-0.02723864316
2006-12-29,0.008111029189,-0.02599591574,0.03410694493
2007-01-31,0.009998187101,-0.0194873242,0.0294855113
2007-02-28,-0.01665021656,0.03266833605,-0.04931855261
2007-03-30,0.005676967003,0.0007787785928,0.00489818841
2007-04-30,0.03861899839,0.02360708863,0.01501190976
2007-05-31,0.02652860274,0.01022542418,0.01630317856
2007-06-29,0.0007106931225,-0.005572792453,0.006283485576
2007-07-31,-0.03325080065,0.01230780502,-0.04555860567
2007-08-31,0.01161156193,-0.0004019745318,0.01201353646
2007-09-28,0.04823171779,0.083872611,-0.03564089321
2007-10-31,0.03350124608,0.02428340866,0.009217837422
2007-11-30,-0.02357709847,-0.002478420368,-0.0210986781
2007-12-31,0.009479843959,0.01605655009,-0.00657670613
2008-01-31,0.006236149012,0.02611100863,-0.01987485962
2008-02-29,0.1327040539,0.09865538976,0.03404866415
2008-03-31,-0.03354899939,-0.07752903916,0.04398003976
2008-04-30,-0.04775621132,0.0259494688,-0.07370568012
2008-05-30,-0.03046102485,-0.01007413218,-0.02038689267
2008-06-30,0.08490918795,-0.009382123878,0.09429131183
2008-07-31,-0.04732988356,-0.03666585663,-0.01066402693
2008-08-29,-0.02390575606,-0.04016979364,0.01626403757
2008-09-30,0.01962168702,-0.1317577463,0.1513794334
2008-10-31,0.1222426176,-0.2000666461,0.3223092637
2008-11-28,0.1217318309,-0.004084401408,0.1258162323
2008-12-31,0.04712632976,0.06693191657,-0.0198055868
2009-01-30,0.03746609961,-0.09227846619,0.1297445658
2009-02-27,0.06863755752,-0.07349638218,0.1421339397
2009-03-31,-0.05572387415,0.103145684,-0.1588695582
2009-04-30,-0.09677707652,0.06166285372,-0.1584399302
2009-05-29,-0.1223588636,0.1146073552,-0.2369662187
2009-06-30,0.04505883436,-0.03777538891,0.08283422327
2009-07-31,-0.05676832374,0.07930584585,-0.1360741696
2009-08-31,0.02080207758,0.02314598349,-0.002343905915
2009-09-30,-0.004863983508,0.04503721357,-0.04990119707
2009-10-30,-0.01208946927,0.02413539158,-0.03622486085
2009-11-30,0.05966894385,0.0816881376,-0.02201919374
2009-12-31,0.006907061286,-0.01153119327,0.01843825456
2010-01-29,-0.0440557742,-0.03484022355,-0.009215550652
2010-02-26,0.02395882129,0.03658094554,-0.01262212425
2010-03-31,0.06067987783,0.02934556561,0.03133431222
2010-04-30,0.003942434683,0.03019568283,-0.02625324815
2010-05-31,-0.05136193455,-0.07258069004,0.02121875549
2010-06-30,-0.01933298392,0.01098425407,-0.03031723799
2010-07-30,0.009857350193,0.1057841492,-0.09592679903
2010-08-31,0.02091412422,-0.001831228055,0.02274535228
2010-09-30,0.04934534629,0.1062545881,-0.05690924183
2010-10-29,0.03980362684,0.05876107354,-0.0189574467
2010-11-30,-0.01227142086,-0.02173992262,0.009468501763
2010-12-31,0.04823056541,0.09493967114,-0.04670910573
2011-01-31,0.0007278049108,0.02337756666,-0.02264976175
2011-02-28,0.04203058234,0.03239059979,0.009639982548
2011-03-31,-0.01103190213,-0.008514009816,-0.002517892314
2011-04-29,0.05380597825,0.05305024349,0.0007557347659
2011-05-31,0.0002347170077,-0.01054523941,0.01077995642
2011-06-30,-0.03120593881,-0.02421398075,-0.006991958059
2011-07-29,0.0154262966,0.04682635218,-0.03140005558
2011-08-31,-0.00324033935,-0.008226853447,0.004986514097
2011-09-30,-0.08401951607,-0.1246632359,0.04064371983
2011-10-31,-0.02629917402,0.1016581758,-0.1279573498
2011-11-30,0.01978229804,-0.03602306971,0.05580536775
2011-12-30,0.0102408292,0.01035151807,-0.000110688873
2012-01-31,-0.007994097373,0.06620528889,-0.07419938626
2012-02-29,-0.0287200504,0.03420503686,-0.06292508727
2012-03-30,-0.01600117508,-0.01991241752,0.003911242434
2012-04-30,0.005897317819,0.00337368085,0.002523636969
2012-05-31,0.09450264389,-0.08135980071,0.1758624446
2012-06-29,-0.07215443863,0.0708193365,-0.1429737751
2012-07-31,0.03195927353,0.05636395137,-0.02440467784
2012-08-31,-0.02047591162,0.03963176951,-0.06010768113
2012-09-28,-0.01536873606,0.0120320383,-0.02740077436
2012-10-31,-0.01195695319,-0.01814191576,0.006184962573
2012-11-30,0.004562859455,0.02073986526,-0.0161770058
2012-12-31,-0.0004967877254,-0.005026008915,0.00452922119
2013-01-31,0.01897102815,0.01918387757,-0.0002128494174
2013-02-28,0.0154261014,-0.009057380491,0.02448348189
2013-03-29,0.0222709465,0.02131576193,0.0009551845646
2013-04-30,0.02376210617,0.01376477169,0.009997334487
2013-05-31,-0.005273429705,-0.03738711386,0.03211368415
2013-06-28,-0.01398024768,-0.05750051367,0.04352026599
2013-07-31,0.03684721051,0.05110604714,-0.01425883663
2013-08-30,-0.01691085722,-0.01085833787,-0.00605251935
2013-09-30,0.01410782554,0.04095877002,-0.02685094449
2013-10-31,0.01500856932,0.02429411028,-0.009285540958
2013-11-29,0.03192898929,0.004127720653,0.02780126863
2013-12-31,0.02187432606,-0.01010110304,0.0319754291
2014-01-31,-0.04399076287,0.01024354293,-0.05423430581
2014-02-28,0.003742537945,0.08085683386,-0.07711429592
2014-03-31,-0.00011566081,0.0116303914,-0.01174605221
2014-04-30,0.006698983756,0.02450476144,-0.01780577769
2014-05-30,0.007965451314,0.009468114464,-0.00150266315
2014-06-30,0.006351622455,0.01224061196,-0.005888989506
2014-07-31,0.003943402687,-0.03452356729,0.03846696997
2014-08-29,0.02694820129,0.02703713783,-8.893654149e-05
2014-09-30,0.01532840231,-0.05601850613,0.07134690844
2014-10-31,0.001522050821,0.02186355214,-0.02034150132
2014-11-28,0.04079156087,0.00257756136,0.03821399951
2014-12-31,0.00502472348,-0.03601839436,0.04104311784
