,Open,High,Low,Close,Volume,OpenInterest
2008-09-01,698.0,700.44,696.52,700.44,18252,266568
2008-09-02,700.84,700.84,700.84,700.84,26981,256789
2008-09-03,702.87,702.87,687.19,692.87,38276,263743
2008-09-04,682.05,682.05,682.05,682.05,39466,270542
2008-09-05,664.35,664.35,664.35,664.35,40463,287655
2008-09-08,691.92,693.0,691.92,693.0,42193,309744
2008-09-09,682.87,682.87,682.87,682.87,32522,288249
2008-09-10,669.62,669.62,669.62,669.62,39110,283717
2008-09-11,663.0,663.0,658.94,658.94,35090,287376
2008-09-12,671.24,671.24,671.24,671.24,41518,309446
2008-09-15,659.35,662.32,652.05,658.27,179677,377414
2008-09-16,649.21,649.61,639.48,647.18,237313,488312
2008-09-17,649.61,649.61,635.29,644.34,148609,511232
2008-09-18,620.28,630.42,619.74,629.47,58047,456084
2008-09-19,631.5,654.07,621.77,646.78,58092,292627
2008-09-22,671.78,685.7,662.59,678.68,63676,279548
2008-09-23,677.19,677.19,668.13,676.11,40918,272156
2008-09-24,674.62,681.78,673.27,681.78,31259,279233
2008-09-25,675.3,675.3,672.05,674.21,29425,290833
2008-09-26,668.27,668.94,663.0,668.94,30611,301543
2008-09-29,669.62,670.97,654.89,654.89,31827,309625
2008-09-30,629.61,637.99,626.23,632.58,50872,329392
2008-10-01,640.83,654.35,640.83,654.35,38607,342059
2008-10-02,644.61,644.61,644.61,644.61,33486,355545
2008-10-03,636.37,641.64,633.39,641.64,30188,281298
2008-10-06,641.64,641.64,615.01,616.23,22181,285841
2008-10-07,603.52,632.18,603.25,632.18,53188,308910
2008-10-08,625.55,625.55,584.6,584.6,48921,332248
2008-10-09,576.49,594.74,576.49,577.84,55439,355032
2008-10-10,540.94,544.45,537.7,544.45,57567,352083
2008-10-13,560.27,562.16,552.83,562.16,52979,314650
2008-10-14,565.81,592.71,565.81,591.09,55088,345842
2008-10-15,578.52,588.92,578.52,588.92,47676,310176
2008-10-16,540.53,540.53,540.53,540.53,53782,319898
2008-10-17,559.46,559.46,538.51,543.78,44202,282057
2008-10-20,539.86,559.05,539.86,557.43,43477,272110
2008-10-21,582.44,582.44,582.44,582.44,37695,275779
2008-10-22,572.84,572.84,557.57,558.51,31255,279022
2008-10-23,534.59,541.21,534.59,541.21,37601,286999
2008-10-24,530.53,533.91,513.64,520.12,38405,267815
2008-10-27,500.25,507.96,500.25,507.96,39046,280195
2008-10-28,509.31,509.31,509.31,509.31,35926,277018
2008-10-29,531.48,540.13,515.53,515.53,47541,289740
2008-10-30,522.69,538.78,522.69,538.78,44810,294634
2008-10-31,535.13,541.21,530.8,541.21,32385,303820
2008-11-03,560.54,560.54,560.54,560.54,37190,311763
2008-11-04,557.57,565.95,555.67,565.0,30925,324011
2008-11-05,566.08,585.68,566.08,585.68,36208,322398
2008-11-06,583.52,583.52,560.94,564.86,34575,334999
2008-11-07,567.7,567.7,540.67,552.7,41564,322724
2008-11-10,556.35,557.57,548.91,548.91,43659,320230
2008-11-11,547.43,547.43,534.72,534.72,32819,321761
2008-11-12,531.61,533.78,523.23,533.78,27832,331064
2008-11-13,536.61,536.61,500.12,501.74,36636,316512
2008-11-14,505.39,523.1,497.42,502.55,38544,332625
2008-11-17,503.63,505.93,486.6,494.31,32958,343470
2008-11-18,484.98,486.6,474.44,474.44,38919,358105
2008-11-19,480.52,480.52,465.25,473.49,38282,378354
2008-11-20,471.6,471.6,448.35,453.49,46298,377293
2008-11-21,440.38,459.3,435.24,457.95,53952,384935
2008-11-24,454.84,461.87,454.84,461.87,38521,355350
2008-11-25,461.6,484.03,451.05,484.03,42508,354372
2008-11-26,503.5,503.5,476.74,476.74,34815,367437
2008-11-27,482.41,486.6,477.68,477.68,31061,357330
2008-11-28,482.95,502.69,482.95,499.31,32549,357609
2008-12-01,498.36,498.36,489.31,492.69,25373,316590
2008-12-02,485.25,485.25,472.82,478.09,39682,322876
2008-12-03,478.49,484.85,468.63,476.19,34657,325928
2008-12-04,477.55,486.6,472.68,474.17,27865,323057
2008-12-05,480.79,480.79,466.33,471.73,28122,320642
2008-12-08,469.57,489.71,461.06,487.95,36470,326242
2008-12-09,488.49,500.12,476.19,484.17,40220,340905
2008-12-10,481.06,491.74,477.28,484.85,33192,325456
2008-12-11,488.09,492.82,476.87,480.11,31017,335118
2008-12-12,481.47,484.3,465.38,473.36,40520,333828
2008-12-15,471.87,493.63,471.87,483.76,123170,401195
2008-12-16,486.33,487.95,472.0,478.76,284160,556418
2008-12-17,476.33,491.33,471.73,484.03,262164,652997
2008-12-18,484.85,487.28,473.09,482.82,37369,529949
2008-12-19,483.49,491.06,472.82,486.47,23175,370115
2008-12-22,486.6,493.09,477.28,480.25,14484,293611
2008-12-23,481.33,510.8,470.11,492.96,18509,299960
2008-12-24,486.06,487.01,471.73,484.85,14311,305829
2008-12-29,490.25,526.88,480.52,484.98,13803,300491
2008-12-30,485.25,496.47,482.01,491.47,14496,300128
2008-12-31,491.6,507.82,489.71,506.34,16575,310306
2009-01-02,501.74,508.23,494.58,497.15,10802,310981
2009-01-05,497.15,514.04,493.09,497.55,23101,319141
2009-01-06,496.74,507.28,496.47,502.28,20821,311695
2009-01-07,501.88,515.12,501.74,510.26,20495,318318
2009-01-08,510.93,510.93,491.87,499.04,22620,325495
2009-01-09,498.36,503.63,492.28,500.12,15490,324410
2009-01-12,499.85,501.88,487.68,496.74,20837,331794
2009-01-13,497.42,497.55,484.44,489.71,22556,306098
2009-01-14,488.9,497.42,481.87,495.39,20066,311950
2009-01-15,496.33,496.6,470.65,473.63,32488,322074
2009-01-16,473.49,479.98,463.62,476.33,21459,322772
2009-01-19,477.41,483.22,471.73,479.71,21045,299927
2009-01-20,481.2,482.28,460.65,467.95,30863,299866
2009-01-21,468.9,473.76,453.22,463.35,31726,302913
2009-01-22,462.95,470.52,455.92,465.52,30968,312764
2009-01-23,465.79,466.19,445.92,447.54,37620,318518
2009-01-26,445.38,450.78,436.73,449.97,2160,314623
2009-01-27,444.97,461.33,440.51,456.33,26417,303441
2009-01-28,456.87,470.38,456.6,468.76,32699,306592
2009-01-29,468.9,480.52,467.95,475.25,24095,301442
2009-01-30,475.25,476.06,461.87,472.14,31372,308675
2009-02-02,472.41,473.76,461.87,467.68,22935,314550
2009-02-03,467.81,479.98,464.3,466.73,47242,319464
2009-02-04,466.87,471.06,457.54,459.03,35955,317190
2009-02-05,458.49,467.54,454.7,455.78,24622,318524
2009-02-06,454.97,466.6,452.54,461.6,21276,311574
2009-02-09,461.6,474.57,460.24,468.49,22726,311491
2009-02-10,466.87,476.6,462.54,464.03,24319,310836
2009-02-11,464.98,470.38,451.19,463.62,30871,321223
2009-02-12,465.65,475.52,459.84,469.17,29335,326273
2009-02-13,471.73,476.33,462.95,475.38,24388,325377
2009-02-16,474.57,477.41,468.08,472.82,19158,317763
2009-02-17,473.09,474.17,461.06,465.11,29794,323968
2009-02-18,464.71,464.98,450.38,456.46,30166,323048
2009-02-19,456.87,465.92,450.38,459.57,32711,332351
2009-02-20,459.57,468.76,452.27,454.43,21432,335426
2009-02-23,454.7,457.41,444.3,454.3,27423,337902
2009-02-24,454.43,458.49,442.81,448.08,27608,341907
2009-02-25,448.89,458.35,445.51,449.7,27693,348860
2009-02-26,450.65,454.3,444.02,447.54,25491,335449
2009-02-27,448.49,454.84,444.7,448.21,32953,337361
2009-03-02,448.76,448.89,434.83,436.86,29685,344336
2009-03-03,436.73,437.13,424.02,428.62,32671,335198
2009-03-04,428.62,431.86,422.67,427.4,34396,336308
2009-03-05,427.13,441.05,426.45,428.35,40984,348274
2009-03-06,427.8,429.7,419.29,425.24,24715,344757
2009-03-09,424.83,429.97,420.37,425.64,23551,334269
2009-03-10,425.78,431.45,420.37,428.08,27256,327504
2009-03-11,428.48,441.86,427.53,436.46,34627,336425
2009-03-12,436.59,444.29,434.43,438.89,27939,328357
2009-03-13,437.13,454.42,435.51,451.99,81756,365116
2009-03-16,451.99,458.2,451.45,456.98,185395,447271
2009-03-17,456.04,471.57,456.04,471.16,324865,600547
2009-03-18,470.62,474.94,465.22,469.68,193163,499810
2009-03-19,468.73,478.18,465.62,471.03,41637,435461
2009-03-20,470.76,477.51,468.19,470.89,20002,356173
2009-03-23,470.76,481.69,467.79,479.8,25753,307714
2009-03-24,480.48,493.98,480.21,486.69,31795,308794
2009-03-25,487.77,491.55,480.75,486.42,26590,296670
2009-03-26,487.5,496.68,480.48,494.93,26137,295662
2009-03-27,495.74,502.63,494.93,496.55,21255,297623
2009-03-30,495.47,496.14,486.42,488.31,19144,300625
2009-03-31,486.15,491.01,477.91,481.56,39970,310266
2009-04-01,480.34,488.85,479.94,483.59,29609,308285
2009-04-02,484.8,501.68,482.91,496.41,32167,315979
2009-04-03,496.55,509.24,494.93,505.06,25349,319991
2009-04-06,504.79,510.73,503.57,508.3,20858,313657
2009-04-07,508.84,511.54,500.74,505.06,28085,323164
2009-04-08,504.92,505.06,487.64,489.53,27961,332402
2009-04-09,488.72,498.57,488.72,494.12,21849,310657
2009-04-14,494.79,511.0,493.58,508.3,25862,296229
2009-04-15,506.68,512.08,502.76,506.68,21292,295122
2009-04-16,506.54,514.51,504.92,511.4,26071,300024
2009-04-17,511.13,520.86,507.89,508.7,27695,294977
2009-04-20,508.57,514.64,503.84,508.43,18875,293215
2009-04-21,509.11,509.92,494.12,495.74,28200,298974
2009-04-22,496.68,501.14,491.69,496.82,23029,301964
2009-04-23,494.25,506.81,492.9,506.0,32762,310991
2009-04-24,505.46,508.84,497.36,503.98,28088,309177
2009-04-27,503.98,511.27,496.41,501.82,31035,308164
2009-04-28,501.28,510.46,496.14,496.41,36106,306534
2009-04-29,494.93,503.71,494.93,502.49,24445,311373
2009-04-30,501.41,512.89,501.41,508.57,34462,310396
2009-05-01,510.32,517.08,505.6,507.62,18723,308717
2009-05-04,507.62,525.18,507.49,521.8,35583,316588
2009-05-05,521.8,533.82,520.32,524.5,30862,318469
2009-05-06,523.96,528.15,518.83,521.94,26838,324134
2009-05-07,521.8,534.63,521.8,528.42,37959,330781
2009-05-08,528.28,534.23,522.34,530.04,24531,320409
2009-05-11,529.77,538.68,525.58,530.85,27382,300123
2009-05-12,529.23,529.23,519.24,522.48,32057,302853
2009-05-13,522.61,527.47,517.48,518.56,28644,303263
2009-05-14,517.89,518.29,501.55,504.52,34250,301197
2009-05-15,504.79,511.4,500.74,510.32,22418,305812
2009-05-18,510.32,511.54,501.82,506.68,19310,302181
2009-05-19,506.14,519.24,506.0,519.1,24120,300800
2009-05-20,519.1,523.83,512.08,517.75,25961,300807
2009-05-21,518.43,525.04,512.21,518.16,30136,310950
2009-05-22,517.48,517.48,505.6,509.78,24550,312034
2009-05-25,510.73,513.02,502.36,506.54,26572,310420
2009-05-26,507.08,512.48,502.76,510.05,24972,302064
2009-05-27,509.11,520.99,505.06,511.27,28786,309331
2009-05-28,512.08,515.32,503.98,504.52,31851,311129
2009-05-29,505.19,518.56,502.22,513.02,34750,316281
2009-06-01,513.16,527.2,512.62,525.04,36117,320316
2009-06-02,525.99,535.71,525.58,534.77,44450,313373
2009-06-03,533.15,544.08,531.52,543.27,36605,320758
2009-06-04,542.73,543.27,530.44,533.28,38582,321650
2009-06-05,533.96,543.54,528.15,532.88,42890,320641
2009-06-08,534.09,538.55,531.12,534.5,2860,311784
2009-06-09,532.34,539.76,526.8,532.61,38475,319694
2009-06-10,535.04,543.95,531.12,542.87,54487,338708
2009-06-11,544.91,547.62,541.24,547.35,39080,317807
2009-06-12,549.11,551.83,545.72,548.44,47031,324524
2009-06-15,548.44,548.98,543.28,544.91,205250,403399
2009-06-16,543.68,543.68,532.82,535.13,219028,462752
2009-06-17,536.21,538.93,522.09,525.49,156327,455389
2009-06-18,525.49,527.8,519.92,524.27,41195,328110
2009-06-19,523.72,530.24,521.55,524.54,23452,289532
2009-06-22,524.94,530.1,522.5,528.07,22188,243460
2009-06-23,527.39,527.66,510.14,511.5,32797,256000
2009-06-24,512.05,514.76,505.39,511.64,28631,255814
2009-06-25,511.91,520.6,510.69,520.06,28321,253425
2009-06-26,518.7,528.34,514.35,526.71,23304,254995
2009-06-29,527.52,529.83,522.23,523.04,26137,243407
2009-06-30,522.91,533.5,522.64,529.7,35527,246555
2009-07-01,529.15,530.38,519.78,524.27,34497,250543
2009-07-02,525.49,529.29,521.69,524.27,28089,234673
2009-07-03,522.91,523.72,510.82,513.4,24876,236710
2009-07-06,513.27,513.54,507.16,509.06,22240,237861
2009-07-07,507.7,510.01,504.17,508.38,22120,235580
2009-07-08,507.43,510.55,497.65,505.8,34107,241393
2009-07-09,507.84,509.19,500.23,507.16,20531,226637
2009-07-10,506.48,510.96,505.53,509.33,19203,222699
2009-07-13,509.19,510.14,501.32,502.81,25302,227783
2009-07-14,501.32,522.5,501.32,522.36,32934,221527
2009-07-15,521.14,529.97,520.46,527.93,29082,229658
2009-07-16,528.34,541.92,528.34,539.75,33632,236048
2009-07-17,539.07,546.81,537.44,540.7,23607,239288
2009-07-20,541.1,547.89,538.12,544.23,21171,242800
2009-07-21,544.36,550.47,543.82,547.08,20052,246724
2009-07-22,545.86,552.1,544.09,548.16,24071,242459
2009-07-23,547.49,548.84,543.28,547.89,33127,244573
2009-07-24,548.98,559.43,547.21,551.97,27198,235580
2009-07-27,552.24,559.98,551.97,558.48,22117,237457
2009-07-28,558.62,562.83,556.04,562.15,23831,236717
2009-07-29,562.69,563.64,554.95,556.31,25137,238622
2009-07-30,555.63,565.95,554.14,565.27,28675,241892
2009-07-31,564.87,574.1,563.92,571.25,34196,247745
2009-08-03,570.84,576.54,567.04,571.65,26966,248899
2009-08-04,570.84,583.88,570.57,578.58,37895,241994
2009-08-05,578.31,582.92,571.65,572.61,31060,247996
2009-08-06,571.38,583.88,569.62,582.65,30620,244630
2009-08-07,583.33,587.0,574.78,578.72,26712,245784
2009-08-10,577.09,587.68,573.42,579.12,26746,241290
2009-08-11,578.99,586.46,576.27,585.23,27501,243120
2009-08-12,585.5,587.41,577.77,583.47,37011,238495
2009-08-13,582.25,598.68,580.21,597.73,31212,241696
2009-08-14,597.45,607.5,596.91,600.85,37400,250930
2009-08-17,600.17,603.16,591.34,592.29,31394,246187
2009-08-18,592.02,593.24,585.23,591.34,37024,244176
2009-08-19,592.43,598.54,586.86,588.49,29611,251875
2009-08-20,587.27,597.32,585.23,586.73,37148,250969
2009-08-21,586.05,590.53,573.56,577.22,47928,254687
2009-08-24,577.49,600.85,576.95,600.03,35162,257918
2009-08-25,598.95,602.21,593.11,596.78,27974,255187
2009-08-26,597.73,605.19,597.18,601.66,30069,242132
2009-08-27,601.8,604.51,598.13,604.11,30317,243848
2009-08-28,603.84,609.13,599.49,608.72,22823,241674
2009-08-31,608.18,615.65,605.33,607.09,37544,253682
2009-09-01,606.14,614.56,604.51,613.88,35579,256663
2009-09-02,614.83,615.78,598.13,602.34,49657,273740
2009-09-03,601.53,603.16,597.45,601.8,28801,243698
2009-09-04,603.56,607.37,599.22,601.12,27652,211298
2009-09-07,601.12,608.18,600.44,606.55,24662,215807
2009-09-08,607.5,615.65,606.55,615.51,30548,217074
2009-09-09,616.33,619.04,611.3,614.56,33914,220046
2009-09-10,613.07,621.88,611.18,619.84,30844,224723
2009-09-11,618.9,625.94,616.19,624.31,58797,247867
2009-09-14,624.31,627.97,613.89,615.1,148825,305632
2009-09-15,615.38,622.82,612.8,617.68,223980,386077
2009-09-16,618.35,633.39,615.92,633.12,151273,386029
2009-09-17,633.25,645.44,633.12,640.29,52014,303049
2009-09-18,640.56,641.11,632.17,634.2,36783,279604
2009-09-21,633.52,638.8,632.85,635.69,16534,230301
2009-09-22,634.74,636.5,630.41,634.74,20461,223600
2009-09-23,635.28,643.14,634.34,642.87,23841,225437
2009-09-24,641.92,646.39,636.37,640.16,31814,235875
2009-09-25,639.07,643.54,629.6,639.89,32543,240739
2009-09-28,638.94,641.11,630.14,634.88,23680,243906
2009-09-29,635.15,647.2,633.12,644.22,26420,220481
2009-09-30,644.36,646.93,641.78,642.87,29216,220126
2009-10-01,643.95,646.12,636.91,639.21,31234,221795
2009-10-02,638.8,640.7,623.64,624.18,32615,225829
2009-10-05,624.04,626.75,615.1,620.66,19058,218270
2009-10-06,621.06,630.14,619.57,623.09,30244,222361
2009-10-07,623.37,639.21,623.09,638.67,31069,229155
2009-10-08,639.07,649.1,633.66,646.25,40744,242294
2009-10-09,646.93,651.4,643.0,643.14,31892,245430
2009-10-12,644.09,650.04,640.84,644.36,16342,215859
2009-10-13,645.03,651.13,644.49,649.1,18621,217347
2009-10-14,649.64,656.27,644.9,655.06,25214,222591
2009-10-15,655.06,663.59,654.78,659.25,21864,209736
2009-10-16,660.07,661.96,654.51,656.82,18885,209613
2009-10-19,656.27,658.85,646.25,651.26,25854,211613
2009-10-20,651.67,660.74,651.53,656.14,29800,216772
2009-10-21,656.54,658.71,651.53,656.14,21452,217769
2009-10-22,654.78,660.07,650.59,652.62,30395,216301
2009-10-23,652.48,660.2,649.1,657.09,26128,217019
2009-10-26,657.49,660.34,651.53,655.46,20441,216627
2009-10-27,655.19,659.39,643.14,645.17,34510,218467
2009-10-28,645.3,648.01,634.06,635.42,38831,228214
2009-10-29,634.88,636.1,617.54,617.68,39673,228251
2009-10-30,617.0,632.57,615.92,626.21,38790,225342
2009-11-02,625.67,625.67,606.03,615.24,42528,242232
2009-11-03,616.19,621.33,610.36,611.85,31206,219026
2009-11-04,611.72,616.87,602.1,612.26,27419,219965
2009-11-05,613.34,620.25,609.55,611.04,32880,226357
2009-11-06,610.64,623.5,609.01,623.09,34164,222470
2009-11-09,623.09,635.55,615.65,634.34,35900,222115
2009-11-10,634.47,647.74,634.06,641.11,37339,233574
2009-11-11,640.97,647.34,638.67,645.71,31135,226499
2009-11-12,645.71,652.35,643.41,644.9,26798,225643
2009-11-13,645.71,649.91,637.18,640.02,31589,228972
2009-11-16,640.16,647.07,637.59,646.12,21406,235981
2009-11-17,647.88,654.24,642.33,643.0,28936,230647
2009-11-18,642.46,649.64,640.97,643.81,26730,234679
2009-11-19,643.41,647.61,642.05,644.36,21785,229248
2009-11-20,644.22,645.3,634.06,636.64,20364,232716
2009-11-23,636.37,641.92,629.05,640.43,19490,230473
2009-11-24,639.21,647.61,635.55,636.91,29762,237324
2009-11-25,636.64,641.38,633.66,641.24,29846,237758
2009-11-26,641.78,644.9,637.18,638.94,21167,229834
2009-11-27,637.45,638.26,618.49,622.42,39292,239321
2009-11-30,620.39,639.21,614.02,635.82,42549,252694
2009-12-01,635.96,640.43,630.68,640.16,29797,244508
2009-12-02,639.89,650.86,639.89,645.3,31956,250326
2009-12-03,645.85,649.64,644.09,648.42,22072,231636
2009-12-04,648.42,650.72,635.28,637.31,28945,236621
2009-12-07,636.64,648.15,630.27,632.85,31948,205107
2009-12-08,631.49,637.04,627.02,632.3,26652,207505
2009-12-09,632.44,634.61,622.28,627.02,28870,213016
2009-12-10,627.02,630.42,622.4,624.85,29877,216227
2009-12-11,624.71,631.64,624.31,631.23,74324,254292
2009-12-14,630.82,633.68,624.98,633.54,137075,287634
2009-12-15,634.22,636.53,629.87,632.18,192038,343109
2009-12-16,631.23,635.99,628.11,630.96,122400,332271
2009-12-17,631.23,637.89,626.75,632.59,62696,292593
2009-12-18,632.45,634.49,623.22,630.01,28955,247436
2009-12-21,630.96,636.53,627.02,627.57,22189,193825
2009-12-22,627.29,637.61,626.34,636.66,20158,193102
2009-12-23,636.94,644.0,635.99,643.73,16804,188115
2009-12-24,644.81,653.78,643.45,653.78,12851,187986
2009-12-29,657.85,659.75,653.78,659.62,16418,185645
2009-12-30,659.75,662.88,655.54,655.68,13770,188581
2009-12-31,655.41,663.42,655.0,662.6,12606,187307
2010-01-04,660.29,663.28,658.94,662.33,15475,188257
2010-01-05,660.84,671.57,660.84,669.26,28756,196752
2010-01-06,668.71,671.43,666.13,667.09,19759,200088
2010-01-07,667.36,669.8,662.47,663.28,18512,200399
2010-01-08,663.55,669.39,662.06,664.78,16564,203457
2010-01-11,665.32,671.7,663.69,669.94,16843,196925
2010-01-12,670.07,673.33,662.6,664.23,23955,196887
2010-01-13,665.05,666.27,655.68,658.94,23312,197692
2010-01-14,658.12,666.41,655.41,662.6,20784,196368
2010-01-15,662.33,665.32,657.17,661.52,30306,201312
2010-01-18,661.52,665.32,654.32,663.01,26556,203486
2010-01-19,662.74,666.95,656.76,657.71,37976,206680
2010-01-20,657.31,664.37,653.37,656.9,35317,198333
2010-01-21,656.49,657.31,648.62,652.01,32816,198284
2010-01-22,652.55,652.96,634.08,639.11,47206,201872
2010-01-25,639.79,641.55,626.21,635.03,33727,202649
2010-01-26,634.76,638.7,631.1,632.05,2793,195018
2010-01-27,625.66,632.73,622.81,623.49,45925,208968
2010-01-28,623.22,631.37,617.52,631.1,41103,208877
2010-01-29,631.64,631.91,614.8,617.38,43333,211202
2010-02-01,616.56,623.08,609.37,612.35,41732,218544
2010-02-02,612.9,621.45,612.49,620.91,38829,220068
2010-02-03,619.82,629.06,617.65,625.66,34064,214049
2010-02-04,625.39,627.43,619.15,623.63,28360,215311
2010-02-05,622.68,623.36,604.75,607.74,37464,222059
2010-02-08,606.79,613.44,596.19,607.47,36257,224893
2010-02-09,607.06,610.05,601.35,607.6,29947,221898
2010-02-10,607.6,617.52,606.38,608.55,33566,225762
2010-02-11,607.74,615.75,603.66,614.12,25591,206089
2010-02-12,614.39,619.96,608.55,615.75,30674,200864
2010-02-15,615.75,617.24,607.06,614.94,22407,200596
2010-02-16,613.98,621.18,613.03,615.89,26044,198884
2010-02-17,616.7,631.23,616.02,629.87,30442,202756
2010-02-18,629.6,634.36,625.53,628.11,33687,204609
2010-02-19,628.52,634.76,622.13,625.8,36362,206512
2010-02-22,625.53,638.7,623.76,638.43,29642,205677
2010-02-23,639.24,641.01,634.63,640.74,28200,207198
2010-02-24,641.28,643.59,628.79,630.42,39189,209949
2010-02-25,629.6,635.44,621.05,621.32,41398,212839
2010-02-26,621.32,627.97,613.71,625.12,32907,206783
2010-03-01,624.85,636.94,622.68,636.94,32471,201235
2010-03-02,636.39,641.96,634.08,638.7,28557,203655
2010-03-03,638.29,645.76,637.21,645.08,32328,215236
2010-03-04,644.41,650.52,641.69,644.81,31183,212800
2010-03-05,644.41,650.11,643.18,648.48,26038,210104
2010-03-08,649.97,658.26,648.21,652.15,36634,218116
2010-03-09,652.42,656.22,650.92,654.59,29456,215628
2010-03-10,654.32,658.8,651.33,654.45,28429,215861
2010-03-11,654.73,659.46,653.1,654.59,40843,223073
2010-03-12,653.78,657.29,653.24,654.73,29217,220990
2010-03-15,655.0,658.1,649.99,650.94,125772,266131
2010-03-16,650.26,653.64,646.88,653.1,192397,282190
2010-03-17,652.7,661.21,652.43,659.32,174797,301698
2010-03-18,660.4,663.65,657.97,659.59,41900,258868
2010-03-19,658.65,662.7,657.56,661.35,18851,195267
2010-03-22,662.03,663.65,654.59,656.21,20795,191695
2010-03-23,655.67,663.38,653.24,661.89,20364,192294
2010-03-24,661.89,667.3,659.59,663.11,23184,195468
2010-03-25,662.84,664.59,659.46,662.84,21517,195396
2010-03-26,663.11,669.19,656.21,665.95,31755,201673
2010-03-29,665.81,668.65,663.24,665.54,18997,198540
2010-03-30,665.41,668.78,664.86,665.95,18533,197827
2010-03-31,666.35,668.78,659.32,659.59,31965,204541
2010-04-01,659.46,667.7,657.43,667.57,27787,196257
2010-04-06,667.03,672.98,666.35,672.57,22605,196742
2010-04-07,671.22,675.41,670.41,673.25,21646,196659
2010-04-08,672.3,673.79,667.97,668.11,24616,192170
2010-04-09,668.65,672.57,665.41,671.89,15581,186107
2010-04-12,672.98,676.9,671.08,676.9,20329,186625
2010-04-13,677.03,677.44,670.41,671.08,23891,188063
2010-04-14,670.81,677.98,669.19,676.63,25197,192247
2010-04-15,676.09,680.95,675.41,678.25,21993,193152
2010-04-16,677.17,680.28,673.79,675.68,20982,197262
2010-04-19,675.81,678.25,664.19,664.32,26977,196497
2010-04-20,663.11,670.0,661.89,666.35,20634,196379
2010-04-21,667.03,673.52,666.49,672.16,26636,199985
2010-04-22,671.62,671.89,661.35,663.38,27421,198767
2010-04-23,662.43,665.81,656.75,659.46,32249,204411
2010-04-26,658.51,663.65,657.7,663.38,4186,200202
2010-04-27,664.73,666.49,659.73,660.27,31043,207263
2010-04-28,660.27,660.54,645.94,652.43,36633,210122
2010-04-29,652.83,654.73,646.61,649.45,35370,218881
2010-04-30,648.37,655.54,647.83,651.48,44492,213187
2010-05-03,651.35,653.64,641.07,648.24,29101,216881
2010-05-04,648.64,652.7,639.99,641.34,30211,207712
2010-05-05,640.53,641.61,624.17,634.18,43044,220870
2010-05-06,633.64,634.58,617.41,618.22,48282,228734
2010-05-07,616.47,621.2,554.41,604.84,83017,272186
2010-05-10,603.62,625.12,590.92,623.23,63808,266016
2010-05-11,622.96,633.09,614.98,616.06,50668,251287
2010-05-12,616.6,626.74,614.44,619.58,44664,230943
2010-05-13,619.85,631.74,619.71,631.47,33206,225482
2010-05-14,631.34,632.28,621.6,623.23,27253,223029
2010-05-17,622.82,623.36,603.89,607.68,45786,237880
2010-05-18,608.9,613.76,600.11,607.27,44557,238610
2010-05-19,608.49,612.14,593.08,593.35,50747,246645
2010-05-20,593.62,596.86,582.94,583.62,56261,257389
2010-05-21,587.0,591.32,565.5,581.32,63054,282971
2010-05-24,582.94,597.27,571.18,597.0,57920,280538
2010-05-25,598.22,599.84,576.32,577.8,51030,285925
2010-05-26,576.32,591.86,570.5,581.32,49215,299335
2010-05-27,581.59,593.48,579.02,592.4,47530,303250
2010-05-28,594.3,604.84,592.4,603.76,39381,283285
2010-05-31,603.62,607.81,596.86,599.97,33268,240613
2010-06-01,599.97,600.51,592.81,596.19,34673,240758
2010-06-02,596.19,599.16,588.08,593.08,48009,240892
2010-06-03,593.08,607.81,592.0,606.46,35171,239392
2010-06-04,607.95,609.3,599.84,603.89,33754,244504
2010-06-07,604.43,607.14,581.72,586.45,50672,255618
2010-06-08,586.45,594.43,580.51,594.02,50230,249916
2010-06-09,594.3,596.59,586.05,595.11,36032,252493
2010-06-10,595.38,602.83,591.58,600.66,49163,260096
2010-06-11,601.75,611.37,600.93,610.96,80723,286546
2010-06-14,610.42,613.0,606.08,612.45,7244,249743
2010-06-15,615.3,618.55,607.85,611.64,272923,386540
2010-06-16,612.45,622.08,611.91,617.2,170563,352599
2010-06-17,616.11,619.64,610.56,614.22,42185,280369
2010-06-18,613.67,618.82,611.37,618.01,24595,207817
2010-06-21,617.06,627.5,616.66,623.3,31778,216762
2010-06-22,623.84,625.06,615.57,616.79,28546,212808
2010-06-23,615.3,618.42,605.41,606.22,25562,213627
2010-06-24,606.9,612.18,602.83,608.12,29167,212150
2010-06-25,607.3,607.3,596.73,598.63,23775,212803
2010-06-28,599.99,600.26,590.91,593.21,29512,217769
2010-06-29,593.34,597.14,585.89,587.92,27300,214098
2010-06-30,587.25,587.25,573.02,577.62,40868,227760
2010-07-01,577.35,580.47,568.95,571.12,41270,231927
2010-07-02,570.98,578.57,565.15,575.05,35027,230829
2010-07-05,574.78,578.84,569.08,570.3,23593,230269
2010-07-06,570.17,579.25,564.21,577.89,29144,227881
2010-07-07,578.71,588.6,570.98,575.59,39860,233289
2010-07-08,575.86,589.28,572.88,589.14,42419,241227
2010-07-09,589.01,595.51,587.11,594.16,27692,235817
2010-07-12,593.34,596.87,590.5,594.43,18047,224745
2010-07-13,594.43,598.49,590.23,590.77,27678,224497
2010-07-14,591.58,602.83,590.91,602.42,28010,229036
2010-07-15,602.02,603.51,596.87,600.8,27166,232623
2010-07-16,599.85,604.59,593.62,597.14,20249,229215
2010-07-19,597.41,600.39,585.21,586.57,23888,229285
2010-07-20,586.16,595.92,583.72,593.89,33106,226762
2010-07-21,594.02,601.07,586.16,596.06,23833,227764
2010-07-22,596.19,599.99,587.92,589.28,25829,226962
2010-07-23,589.55,603.24,589.28,601.21,32885,227605
2010-07-26,601.48,607.71,601.07,606.63,26652,230679
2010-07-27,606.22,610.56,604.73,605.95,22945,233143
2010-07-28,606.9,612.32,604.86,610.96,28994,234267
2010-07-29,611.64,612.45,606.49,609.07,24807,231023
2010-07-30,609.61,613.0,602.15,604.86,29759,233617
2010-08-02,605.54,612.45,599.31,610.56,24546,229655
2010-08-03,610.56,621.13,610.56,614.89,33555,231613
2010-08-04,614.08,616.38,610.96,612.45,31376,233295
2010-08-05,613.13,617.06,610.29,614.89,23868,234981
2010-08-06,615.16,617.74,611.78,613.81,19070,223441
2010-08-09,613.27,618.82,603.51,617.88,34034,219054
2010-08-10,618.69,620.18,610.15,610.83,34032,223999
2010-08-11,610.69,612.86,599.04,600.53,50165,228190
2010-08-12,600.12,600.12,588.87,590.5,43947,232911
2010-08-13,591.72,600.93,584.13,600.39,44630,237351
2010-08-16,600.66,600.8,592.4,599.04,36952,237837
2010-08-17,599.71,605.14,594.16,603.64,37263,241655
2010-08-18,603.1,608.93,601.21,605.0,36961,236045
2010-08-19,604.32,606.76,600.26,603.64,35120,232240
2010-08-20,604.19,605.14,593.89,595.78,38410,228524
2010-08-23,595.65,599.04,589.41,597.82,29433,232760
2010-08-24,597.82,601.48,590.77,592.12,31470,237123
2010-08-25,591.04,591.58,582.23,582.91,46308,234258
2010-08-26,582.23,589.14,575.05,588.33,44795,238672
2010-08-27,589.01,591.58,583.45,589.28,28735,240787
2010-08-30,589.82,602.83,584.67,602.56,46638,228862
2010-08-31,601.88,602.29,593.48,594.56,51241,232524
2010-09-01,594.7,609.07,594.29,608.93,47604,235021
2010-09-02,608.66,621.4,606.63,613.81,38725,232232
2010-09-03,614.89,618.82,612.32,614.89,28443,233371
2010-09-06,614.49,623.3,614.49,622.35,36848,239324
2010-09-07,621.81,623.03,617.2,620.31,44497,244718
2010-09-08,619.91,620.04,613.54,615.03,30514,244492
2010-09-09,615.3,622.45,614.09,621.1,35097,239303
2010-09-10,621.37,627.71,617.86,618.81,51683,258367
2010-09-13,619.75,628.25,619.08,627.84,158049,333556
2010-09-14,627.57,631.21,626.9,629.06,213465,402464
2010-09-15,629.87,633.64,627.3,631.62,177826,366436
2010-09-16,631.75,634.18,623.8,624.34,48655,312923
2010-09-17,625.82,630.67,622.85,628.38,28174,214965
2010-09-20,628.65,630.67,623.39,627.3,19524,193765
2010-09-21,627.17,633.64,625.41,626.9,25556,196251
2010-09-22,626.36,629.19,623.26,627.3,21363,195636
2010-09-23,627.17,628.38,622.18,628.25,17665,193884
2010-09-24,628.92,629.6,620.02,623.12,24730,202262
2010-09-27,623.66,635.13,621.91,634.45,31887,206500
2010-09-28,634.18,634.86,630.81,633.64,19844,201301
2010-09-29,632.16,637.01,628.79,630.27,32066,206670
2010-09-30,631.35,632.43,620.15,620.42,49632,217014
2010-10-01,620.42,628.38,617.19,618.54,34985,208848
2010-10-04,619.35,629.06,617.46,625.55,23668,204453
2010-10-05,625.41,626.36,616.78,624.2,39067,207901
2010-10-06,623.12,635.67,622.04,633.78,39657,211598
2010-10-07,632.97,636.74,631.48,634.05,29215,212757
2010-10-08,634.99,637.96,629.87,633.24,21017,205300
2010-10-11,633.37,637.82,628.25,635.93,22848,202831
2010-10-12,635.26,636.74,623.8,624.74,39350,202531
2010-10-13,624.2,630.54,622.99,625.28,30189,206717
2010-10-14,625.28,635.93,625.28,635.26,35505,211993
2010-10-15,635.67,637.15,629.87,634.18,25742,208773
2010-10-18,634.59,636.61,626.63,627.84,27477,211390
2010-10-19,626.76,633.91,625.55,629.73,38130,219478
2010-10-20,629.46,632.56,618.67,624.74,37514,223165
2010-10-21,624.61,630.0,622.85,624.47,30646,217603
2010-10-22,625.01,629.73,621.5,627.03,22116,215255
2010-10-25,626.49,638.36,625.14,636.47,36774,223775
2010-10-26,635.53,637.42,632.29,632.43,25402,224343
2010-10-27,631.75,634.45,625.68,626.22,28654,223105
2010-10-28,625.68,634.32,621.77,631.48,30952,224128
2010-10-29,631.75,634.05,625.95,626.76,35442,229528
2010-11-01,626.09,634.86,625.14,633.91,25934,221870
2010-11-02,634.72,636.07,628.92,634.05,23676,222319
2010-11-03,634.05,638.63,633.37,637.55,25045,215235
2010-11-04,637.96,643.22,633.24,641.6,34311,218547
2010-11-05,642.0,652.12,642.0,648.88,34857,223812
2010-11-08,649.56,652.39,646.19,648.21,30904,225438
2010-11-09,647.13,647.53,639.98,640.93,42291,225199
2010-11-10,641.19,645.11,633.64,636.07,39395,224152
2010-11-11,637.15,641.46,634.18,639.58,34615,221480
2010-11-12,639.58,641.06,633.78,634.99,42698,221143
2010-11-15,633.91,638.77,629.33,634.86,30607,220122
2010-11-16,634.86,638.09,632.29,635.67,36493,218339
2010-11-17,633.24,633.51,624.74,625.28,48926,223877
2010-11-18,625.95,628.38,622.72,627.71,38589,216206
2010-11-19,628.52,633.1,624.34,627.03,31904,214741
2010-11-22,626.9,632.29,623.93,629.19,27360,208878
2010-11-23,628.79,629.46,620.02,621.1,32451,215600
2010-11-24,620.15,620.56,611.39,618.54,45111,217363
2010-11-25,618.4,624.34,615.3,619.75,30070,211272
2010-11-26,619.61,624.07,618.67,620.02,23031,207460
2010-11-29,619.88,625.41,615.03,622.99,40070,216771
2010-11-30,622.72,625.01,617.19,619.48,37976,211869
2010-12-01,619.88,622.18,615.3,619.75,35203,219677
2010-12-02,619.48,633.37,618.4,632.7,46478,215197
2010-12-03,633.1,639.85,632.29,635.4,35401,218719
2010-12-06,635.53,637.96,632.7,633.78,26608,221288
2010-12-07,633.78,640.39,631.35,638.36,31954,214609
2010-12-08,638.5,643.89,633.64,633.91,30848,212375
2010-12-09,632.7,641.06,632.7,640.93,41106,219203
2010-12-10,641.33,642.68,638.37,642.14,47055,224272
2010-12-13,642.14,645.38,641.06,642.68,97386,278749
2010-12-14,643.09,646.73,642.28,644.98,205485,354495
2010-12-15,644.98,647.81,643.09,643.76,157662,361189
2010-12-16,643.09,646.06,641.2,645.38,45523,250884
2010-12-17,645.38,647.0,641.6,642.28,22303,187327
2010-12-20,643.09,645.11,637.56,638.23,23831,194201
2010-12-21,638.91,645.79,638.23,643.22,23450,197095
2010-12-22,643.36,646.06,642.68,643.63,14472,194841
2010-12-23,644.17,650.11,643.63,649.57,17792,195345
2010-12-24,649.7,649.7,643.49,645.65,9789,196085
2010-12-29,646.6,647.0,641.47,644.3,12326,197694
2010-12-30,644.84,647.81,643.76,647.27,11687,198196
2010-12-31,647.81,647.81,631.75,638.37,11799,199246
2011-01-04,645.11,645.52,637.29,639.18,33107,202837
2011-01-05,638.91,641.87,633.37,636.21,25299,201163
2011-01-06,636.48,639.04,631.75,635.94,26273,203420
2011-01-07,635.94,638.64,631.48,633.37,20831,205781
2011-01-10,633.37,635.67,628.11,634.59,19629,201331
2011-01-11,634.18,635.13,629.32,634.72,21577,203477
2011-01-12,634.72,637.42,633.24,636.21,19312,204550
2011-01-13,635.8,646.19,635.26,645.79,28872,207764
2011-01-14,645.52,647.0,642.68,646.46,20062,206961
2011-01-17,646.19,648.49,639.44,640.39,28420,196726
2011-01-18,640.25,647.41,639.31,644.98,20851,194811
2011-01-19,644.17,651.73,643.63,651.59,32314,197215
2011-01-20,651.59,652.0,642.41,643.76,34002,204803
2011-01-21,643.76,644.71,636.75,639.18,34005,189026
2011-01-24,637.69,644.3,637.69,643.76,25933,187966
2011-01-25,644.44,648.62,641.87,645.65,28037,191537
2011-01-27,645.38,648.35,644.3,645.11,21095,188787
2011-01-28,645.65,647.54,638.23,642.01,32840,188738
2011-01-31,641.47,644.03,632.7,637.83,37381,191239
2011-02-01,637.83,639.85,634.05,637.42,36954,194034
2011-02-02,638.37,645.65,637.42,642.82,36864,198097
2011-02-03,642.55,646.73,641.33,645.52,26983,192905
2011-02-04,645.38,654.7,643.36,653.75,31944,200848
2011-02-07,653.62,655.1,651.86,654.16,25601,190645
2011-02-08,653.35,657.66,653.35,657.12,26608,188263
2011-02-09,657.26,661.85,655.37,657.93,34334,190265
2011-02-10,657.26,659.96,655.37,659.69,28209,187798
2011-02-11,659.69,659.82,654.16,654.83,27957,195720
2011-02-14,653.89,663.87,653.21,663.74,34143,197630
2011-02-15,664.01,665.09,660.63,663.33,29339,190206
2011-02-16,663.33,664.28,660.63,662.93,28425,192264
2011-02-17,662.93,665.09,662.52,663.2,24300,191502
2011-02-18,663.47,665.49,661.71,664.28,26210,196304
2011-02-21,664.28,664.41,656.32,660.63,39725,210791
2011-02-22,661.31,661.58,652.94,654.02,40270,203846
2011-02-23,652.81,655.24,646.87,651.73,41233,206275
2011-02-24,651.73,652.94,644.71,646.73,35479,200424
2011-02-25,647.14,652.27,640.52,650.38,41639,206346
2011-02-28,649.97,653.89,648.35,651.32,33154,206244
2011-03-01,651.19,654.97,649.97,651.19,32724,206509
2011-03-02,651.59,653.48,642.55,645.79,45681,205607
2011-03-03,645.25,649.84,644.17,648.08,32445,190608
2011-03-04,649.16,657.26,647.54,656.45,32861,189263
2011-03-07,655.91,656.99,646.33,646.46,44259,195536
2011-03-08,646.73,650.92,641.47,648.62,42968,204079
2011-03-09,648.35,650.51,642.14,644.3,42462,201567
2011-03-10,644.84,645.78,632.23,632.76,59001,211529
2011-03-11,634.11,634.11,624.58,624.98,74634,236026
2011-03-14,617.2,627.26,615.32,621.9,176123,255074
2011-03-15,622.3,623.77,602.98,611.57,281517,407799
2011-03-16,611.16,616.66,602.04,615.05,221336,424478
2011-03-17,613.98,616.66,600.83,611.43,78791,296302
2011-03-18,611.7,624.85,608.34,623.51,58638,209623
2011-03-21,622.43,626.06,619.48,625.79,32808,199792
2011-03-22,626.32,631.15,624.58,627.4,35636,201226
2011-03-23,627.4,629.54,624.31,626.59,31043,204063
2011-03-24,625.52,633.57,624.04,633.57,31921,208128
2011-03-25,633.03,642.69,631.83,640.41,37352,212869
2011-03-28,640.81,641.22,636.52,637.86,24228,193474
2011-03-29,638.13,641.89,636.25,641.75,34988,197795
2011-03-30,642.29,652.49,640.41,649.54,39776,197612
2011-03-31,649.8,653.7,648.46,652.76,40604,200830
2011-04-01,652.09,657.72,651.55,653.96,32233,204165
2011-04-04,653.83,660.67,653.7,658.66,28014,185632
2011-04-05,658.93,661.61,657.59,660.94,31153,186949
2011-04-06,660.14,663.49,657.99,662.95,35240,191929
2011-04-07,662.82,666.58,659.87,662.55,29325,188977
2011-04-08,662.95,666.71,660.0,666.17,35820,198572
2011-04-11,665.64,671.0,662.82,671.0,38483,211030
2011-04-12,671.54,672.48,657.86,659.73,47062,205227
2011-04-13,659.6,662.15,655.31,659.2,41792,199242
2011-04-14,659.47,661.61,653.7,656.38,36839,198035
2011-04-15,655.31,658.12,651.82,652.49,32307,199750
2011-04-18,652.76,656.92,651.01,653.02,34024,194468
2011-04-19,652.62,652.76,642.83,643.36,44650,195475
2011-04-20,643.1,653.7,642.02,652.76,38252,195375
2011-04-21,653.16,661.48,653.16,660.27,30042,191557
2011-04-27,658.79,664.3,653.56,653.83,34600,197470
2011-04-28,653.56,660.67,652.22,653.83,30201,196898
2011-04-29,653.16,656.24,643.5,645.11,45005,191972
2011-05-02,644.04,649.8,639.2,646.58,46276,195602
2011-05-03,645.91,646.72,639.88,641.89,38425,199344
2011-05-04,641.89,641.89,633.17,633.97,43647,202612
2011-05-05,634.24,638.13,628.07,637.59,36777,188581
2011-05-06,637.19,639.07,630.22,636.39,45856,200138
2011-05-09,636.79,643.63,635.45,639.2,42744,191149
2011-05-10,638.94,641.75,632.5,633.17,37259,190260
2011-05-11,633.7,642.16,633.44,642.02,35481,191707
2011-05-12,641.62,642.29,628.61,629.01,41643,201426
2011-05-13,628.47,632.9,625.38,632.36,37577,202216
2011-05-16,632.09,634.24,623.91,626.46,33272,208430
2011-05-17,626.19,630.35,623.51,629.01,34812,213995
2011-05-18,629.14,632.76,624.58,630.22,32084,187837
2011-05-19,630.48,640.41,627.93,638.67,38973,185792
2011-05-20,639.34,640.68,635.05,635.98,25286,185687
2011-05-23,635.45,637.73,622.7,623.51,37725,186611
2011-05-24,623.77,623.77,617.07,621.23,46371,189768
2011-05-25,622.3,624.71,614.79,615.72,44002,198887
2011-05-26,616.8,626.59,616.8,626.46,35804,194998
2011-05-27,626.86,629.81,623.24,629.28,29736,189181
2011-05-30,630.08,631.69,625.38,625.52,22648,192551
2011-05-31,626.46,633.57,626.06,632.09,29020,189306
2011-06-01,632.76,636.12,629.81,631.83,34308,192467
2011-06-02,629.95,631.56,616.8,618.01,46119,200457
2011-06-03,617.33,619.88,613.98,614.52,35472,203625
2011-06-06,614.25,614.92,608.88,613.04,33467,202467
2011-06-07,612.91,614.65,608.08,612.64,39888,210098
2011-06-08,613.44,616.4,606.33,609.28,44216,208253
2011-06-09,609.42,611.71,605.25,610.9,36583,212612
2011-06-10,611.97,616.41,610.63,614.26,78493,226097
2011-06-14,608.88,616.95,605.52,615.34,250803,336997
2011-06-15,617.62,617.76,610.63,612.92,173886,365174
2011-06-16,613.19,613.19,599.33,601.21,70567,247878
2011-06-17,600.0,607.0,597.45,602.56,41484,202135
2011-06-20,602.15,606.73,596.5,598.52,36658,194101
2011-06-21,597.31,607.27,596.77,606.59,32262,196870
2011-06-22,606.59,612.78,606.46,609.55,31687,196157
2011-06-23,609.01,611.71,602.69,603.63,32799,191327
2011-06-24,602.69,607.13,596.1,604.98,31626,195661
2011-06-27,605.25,607.27,597.45,597.58,29386,194748
2011-06-28,598.52,605.38,597.85,601.35,32360,194886
2011-06-29,599.87,609.82,599.87,607.94,36988,192452
2011-06-30,608.88,619.37,608.21,618.97,47036,204318
2011-07-01,619.1,623.28,613.86,616.95,34944,198870
2011-07-04,617.22,624.75,615.88,618.3,32032,188307
2011-07-05,618.03,621.8,615.47,617.49,24492,189262
2011-07-06,617.36,620.18,613.86,617.62,28144,184841
2011-07-07,616.68,619.1,612.38,616.82,31052,191447
2011-07-08,616.41,624.49,614.8,624.22,31891,191096
2011-07-11,623.95,624.89,612.78,613.45,29122,191078
2011-07-12,612.38,613.05,599.87,600.81,45508,198628
2011-07-13,599.33,606.32,594.89,603.77,44866,199349
2011-07-14,604.44,608.75,597.18,600.94,38212,195429
2011-07-15,600.81,604.31,595.83,597.45,31345,199777
2011-07-18,596.64,599.73,595.02,598.25,29665,202248
2011-07-19,597.98,599.6,592.74,597.45,35453,204180
2011-07-20,597.98,609.28,597.58,608.75,40385,209683
2011-07-21,608.34,612.24,607.67,609.96,37380,205820
2011-07-22,610.23,617.09,605.92,617.09,35033,206290
2011-07-25,617.09,619.51,605.38,607.13,38719,201661
2011-07-26,606.73,613.05,606.46,611.03,36720,203542
2011-07-27,611.44,613.45,606.06,607.0,32322,205650
2011-07-28,606.32,607.8,595.56,596.1,40159,206146
2011-07-29,596.5,599.6,588.3,588.84,46064,210426
2011-08-01,589.37,603.9,586.01,601.35,44564,219375
2011-08-02,601.21,601.35,587.62,591.26,37511,218645
2011-08-03,590.58,590.99,576.32,576.59,51222,231867
2011-08-04,577.27,581.44,568.93,570.67,58394,245643
2011-08-05,570.4,571.48,543.36,544.84,94157,278333
2011-08-08,544.17,553.05,529.1,531.8,97075,303194
2011-08-09,535.56,539.33,500.72,538.25,137700,323293
2011-08-10,546.19,555.74,527.62,550.76,98664,332749
2011-08-11,552.24,555.88,534.62,550.63,86181,350289
2011-08-12,550.23,565.43,539.46,556.82,61901,347714
2011-08-15,553.59,574.84,550.9,574.44,51520,349510
2011-08-16,574.44,580.09,566.77,568.79,50877,351636
2011-08-17,567.85,578.75,563.68,574.71,65639,363565
2011-08-18,572.56,579.69,566.91,567.58,49708,275005
2011-08-19,566.5,567.31,547.0,547.4,65179,277670
2011-08-22,548.34,557.89,542.42,548.34,61550,244847
2011-08-23,548.88,561.26,545.65,560.99,60642,239612
2011-08-24,561.93,569.33,555.34,560.72,50654,243282
2011-08-25,559.64,568.79,555.88,566.91,41950,238290
2011-08-26,568.39,571.08,558.97,564.62,42761,248139
2011-08-29,562.87,575.52,551.71,571.48,44603,246047
2011-08-30,570.94,579.96,570.94,573.63,35766,244549
2011-08-31,573.23,577.54,568.66,577.0,41400,249854
2011-09-01,577.94,585.07,576.19,579.15,48887,253976
2011-09-02,577.67,580.63,566.91,570.0,45177,253351
2011-09-05,570.81,571.08,556.01,557.62,45249,253936
2011-09-06,556.95,557.62,546.59,547.27,54971,262967
2011-09-07,550.9,564.49,546.06,564.49,51346,260863
2011-09-08,563.41,571.06,559.79,563.28,51737,256778
2011-09-09,563.95,569.32,560.19,561.8,56566,265510
2011-09-12,563.28,564.08,542.21,543.55,113476,279044
2011-09-13,542.75,551.2,538.05,549.59,289350,387600
2011-09-14,548.25,553.35,537.65,540.2,234576,425807
2011-09-15,541.0,553.89,539.66,549.73,72577,291847
2011-09-16,548.92,559.92,547.18,557.51,39195,204453
2011-09-19,556.17,559.39,547.31,549.32,32371,205065
2011-09-20,549.73,551.47,541.81,542.75,40189,200069
2011-09-21,544.09,552.95,541.14,548.12,46293,207380
2011-09-22,547.04,549.06,531.08,532.15,51753,207531
2011-09-23,532.28,533.62,517.26,527.32,68731,215247
2011-09-26,528.12,533.22,516.85,520.48,53612,209973
2011-09-27,520.61,541.27,520.48,541.14,52242,217771
2011-09-28,540.6,551.87,540.07,545.16,52879,211437
2011-09-29,544.9,549.59,532.95,537.52,43734,209391
2011-09-30,538.32,544.63,531.61,536.71,48253,217154
2011-10-03,534.43,536.71,521.15,521.68,36997,217768
2011-10-04,521.41,527.32,515.51,522.76,55873,214143
2011-10-05,523.29,530.94,511.49,527.99,48471,218697
2011-10-06,529.2,547.18,526.78,545.43,56623,209971
2011-10-07,546.1,562.47,544.63,560.33,56327,212831
2011-10-10,560.33,566.77,555.5,563.14,36843,208234
2011-10-11,563.81,570.79,561.13,568.65,40103,213192
2011-10-12,568.11,569.18,559.52,565.43,37737,218014
2011-10-13,564.35,574.95,564.08,568.38,48417,207633
2011-10-14,567.3,570.52,562.74,566.23,36569,202610
2011-10-17,567.44,576.03,564.89,574.82,31600,204978
2011-10-18,574.41,576.56,561.13,561.53,42912,204940
2011-10-19,562.07,571.33,557.64,565.96,42435,214529
2011-10-20,565.96,568.65,554.69,556.57,38526,204772
2011-10-21,555.5,560.19,552.54,557.64,34597,197868
2011-10-24,557.51,572.67,556.03,570.12,38131,202349
2011-10-25,570.39,574.82,564.75,565.69,36613,205229
2011-10-26,565.56,571.19,558.98,566.5,36808,205763
2011-10-27,566.63,585.01,562.74,584.75,42336,206496
2011-10-28,585.01,595.08,581.53,583.54,47011,213510
2011-10-31,583.81,586.76,574.55,574.82,36237,212123
2011-11-01,574.95,576.96,565.43,567.71,33162,217082
2011-11-02,566.77,567.3,553.75,559.39,49314,223300
2011-11-03,560.73,565.83,554.42,561.27,37768,211790
2011-11-04,560.19,575.62,556.3,574.95,34129,214079
2011-11-07,575.09,576.56,565.83,574.55,31499,217653
2011-11-08,574.15,578.04,566.77,574.55,26511,198231
2011-11-09,573.34,586.22,572.54,581.93,34801,202390
2011-11-10,583.0,584.21,564.35,572.13,41237,208114
2011-11-11,570.52,579.51,566.5,578.17,30520,206607
2011-11-14,577.37,588.37,574.01,580.59,36627,213002
2011-11-15,580.05,581.53,573.34,577.9,30443,214469
2011-11-16,578.44,580.45,570.52,572.67,42896,219784
2011-11-17,571.19,579.78,568.78,571.46,40793,222686
2011-11-18,572.0,573.34,560.46,561.0,34565,218296
2011-11-21,560.86,567.17,556.97,561.67,30521,206605
2011-11-22,561.27,562.2,549.73,557.11,35849,206573
2011-11-23,557.24,558.05,544.49,545.3,40531,214928
2011-11-24,545.16,548.65,541.81,543.15,40531,214928
2011-11-25,542.61,545.7,534.16,537.11,31392,221140
2011-11-28,536.31,547.71,533.62,547.18,36228,216380
2011-11-29,548.79,554.82,543.02,554.69,38413,224414
2011-11-30,555.23,557.64,548.25,552.01,51784,239636
2011-12-01,551.07,572.13,547.98,568.51,52326,249856
2011-12-02,568.38,577.37,564.22,576.7,43365,256296
2011-12-05,576.56,583.94,575.76,579.38,42744,265401
2011-12-06,578.98,585.15,571.46,572.67,36757,268943
2011-12-07,574.15,580.18,571.6,578.04,35303,238427
2011-12-08,581.54,581.54,571.84,574.67,37620,238747
2011-12-09,575.48,578.58,562.0,562.14,52547,245496
2011-12-12,566.85,574.26,559.71,571.84,108226,266910
2011-12-13,571.7,571.7,560.66,561.73,288000,389734
2011-12-14,561.2,567.39,558.5,561.06,141080,336003
2011-12-15,561.06,563.08,551.9,554.59,51400,278015
2011-12-16,553.38,560.79,553.11,557.02,31147,193902
2011-12-19,557.02,561.2,543.54,545.3,43568,194921
2011-12-20,544.76,552.03,542.47,544.22,29331,197263
2011-12-21,543.95,556.48,543.01,553.92,29850,196930
2011-12-22,554.59,558.77,547.59,550.15,27249,196895
2011-12-23,550.28,557.15,549.88,556.61,27249,196895
2011-12-28,558.63,558.63,547.45,547.86,17022,197333
2011-12-29,547.59,552.17,541.12,543.68,17967,196240
2011-12-30,543.81,549.61,540.98,541.52,13227,195396
2012-01-03,549.74,551.09,548.13,548.53,11129,195290
2012-01-04,549.2,563.89,545.83,560.52,38495,208063
2012-01-05,559.98,561.06,553.11,557.15,28136,199873
2012-01-06,557.15,557.69,549.07,549.74,29150,200937
2012-01-09,550.15,554.59,547.32,548.66,30919,202944
2012-01-10,548.93,556.48,548.8,555.4,30587,209305
2012-01-11,555.94,562.81,554.73,561.73,31094,205396
2012-01-12,562.14,563.89,557.56,559.44,26195,200199
2012-01-13,559.31,564.7,558.23,563.22,26969,199406
2012-01-16,563.22,564.56,553.65,556.21,26969,199406
2012-01-17,555.4,565.1,554.46,564.02,26770,200994
2012-01-18,564.56,567.39,561.6,564.83,33346,203789
2012-01-19,564.83,570.9,562.95,565.51,30028,199819
2012-01-20,564.56,569.95,563.35,568.47,24154,192281
2012-01-23,568.2,569.01,564.16,564.83,16963,189817
2012-01-24,564.97,569.28,563.35,564.83,21889,189699
2012-01-25,564.56,571.7,562.81,571.17,27549,189736
2012-01-26,571.44,573.32,565.91,572.78,4805,188922
2012-01-27,571.97,577.5,570.22,572.65,30614,191522
2012-01-30,572.65,575.07,569.95,571.97,27781,190478
2012-01-31,571.7,573.59,567.39,569.41,32323,191075
2012-02-01,570.22,573.46,564.29,564.97,37345,190705
2012-02-02,564.83,574.0,563.76,571.17,32731,187766
2012-02-03,571.7,572.65,567.39,568.88,23601,185531
2012-02-06,569.28,577.09,568.74,573.46,24393,186733
2012-02-07,573.59,576.29,570.22,572.24,32233,189593
2012-02-08,572.11,574.4,570.09,573.59,25190,189085
2012-02-09,574.26,575.88,566.99,573.32,35184,194179
2012-02-10,573.86,575.21,566.45,568.34,29773,193010
2012-02-13,568.2,573.46,564.7,571.97,32151,191565
2012-02-14,571.84,573.32,565.24,567.12,37099,192720
2012-02-15,566.85,569.82,564.02,568.61,35407,196457
2012-02-16,568.2,568.61,556.48,557.96,51855,201491
2012-02-17,557.42,563.89,556.07,561.33,34129,201324
2012-02-20,560.79,572.51,559.98,571.97,34129,201324
2012-02-21,572.38,577.23,569.28,575.75,35938,205427
2012-02-22,576.29,577.9,571.84,575.75,28895,199726
2012-02-23,576.29,576.69,572.11,574.0,24780,200307
2012-02-24,573.46,578.58,572.65,577.9,31354,205278
2012-02-27,577.09,579.12,572.92,575.34,33050,202435
2012-02-28,575.07,576.96,571.44,573.59,29862,204650
2012-02-29,574.53,581.95,572.78,577.77,48309,212986
2012-03-01,576.96,579.65,571.84,572.51,39213,209937
2012-03-02,572.51,578.04,570.63,576.42,24711,196461
2012-03-05,575.75,576.69,572.92,575.07,24030,197163
2012-03-06,574.67,575.07,566.32,567.26,41027,208352
2012-03-07,567.12,567.12,557.29,557.96,47189,204577
2012-03-08,558.23,563.2,557.02,561.18,40801,209410
2012-03-09,561.59,568.84,561.18,568.17,63086,218765
2012-03-12,567.23,569.92,565.08,565.62,110587,258556
2012-03-13,564.95,573.81,564.68,572.74,291389,378817
2012-03-14,573.14,579.86,571.66,578.38,182642,362866
2012-03-15,578.11,578.91,573.81,575.96,39732,241904
2012-03-16,575.29,579.18,574.48,575.56,27068,191017
2012-03-19,575.83,581.47,575.56,579.32,29214,194114
2012-03-20,579.72,581.33,574.62,575.42,29463,196163
2012-03-21,575.96,576.5,571.66,572.74,30372,195382
2012-03-22,572.33,577.3,571.12,576.9,29952,196195
2012-03-23,576.36,576.77,569.51,575.56,26812,194176
2012-03-26,574.89,578.24,571.26,573.81,27233,194244
2012-03-27,573.54,581.6,572.74,581.33,32232,199518
2012-03-28,581.33,586.03,577.84,584.96,35593,200506
2012-03-29,585.23,587.24,579.45,582.94,34169,199719
2012-03-30,582.81,587.91,579.05,583.62,40405,204778
2012-04-02,583.88,590.2,581.87,582.0,33213,200620
2012-04-03,582.81,587.91,581.33,583.21,33047,203662
2012-04-04,582.68,584.69,579.99,584.15,32031,203499
2012-04-05,584.29,584.82,576.5,582.27,32031,203499
2012-04-10,582.81,582.94,574.89,578.51,25614,202363
2012-04-11,578.38,579.05,568.57,571.53,33252,204076
2012-04-12,572.06,576.9,569.65,576.9,25722,205263
2012-04-13,576.23,583.62,573.81,581.74,30774,203862
2012-04-16,582.0,583.08,576.23,577.97,25422,202184
2012-04-17,577.57,581.47,575.96,576.36,32506,207395
2012-04-18,577.17,585.9,576.9,585.77,34602,216941
2012-04-19,585.5,588.72,583.75,587.24,29200,220531
2012-04-20,588.05,590.33,584.15,586.71,23930,213416
2012-04-23,586.57,589.93,584.56,585.36,18817,207652
2012-04-24,584.15,587.91,579.86,584.56,31727,210687
2012-04-25,585.63,589.39,585.09,589.39,3641,208548
2012-04-26,590.6,592.88,586.44,588.45,28364,211673
2012-04-27,587.91,591.94,585.5,586.84,25658,210818
2012-04-30,585.36,591.54,585.09,590.6,20221,207977
2012-05-01,590.6,597.45,587.91,593.56,29597,209505
2012-05-02,593.42,598.53,591.94,594.9,24466,209490
2012-05-03,595.44,596.38,591.94,594.5,28591,211505
2012-05-04,595.03,597.05,588.59,589.79,25629,213981
2012-05-07,589.12,589.93,575.56,576.23,42552,216691
2012-05-08,576.5,581.47,575.56,577.44,29700,216035
2012-05-09,577.3,577.3,569.65,574.89,41570,219316
2012-05-10,573.95,577.71,567.5,577.71,37848,212454
2012-05-11,577.97,580.26,573.68,575.56,32406,209316
2012-05-14,575.42,579.45,574.35,577.17,29404,212261
2012-05-15,576.36,576.63,571.93,573.95,29722,210896
2012-05-16,574.75,576.36,558.23,558.63,52732,218415
2012-05-17,559.3,564.01,556.22,558.77,43721,219698
2012-05-18,557.02,557.69,541.17,545.07,52079,221273
2012-05-21,545.2,549.9,543.05,546.95,45364,226720
2012-05-22,546.68,555.54,545.2,555.41,39750,228858
2012-05-23,555.81,556.75,546.01,546.28,40586,218968
2012-05-24,547.35,549.63,541.71,544.26,33667,218359
2012-05-25,544.13,547.75,539.96,541.44,25239,218538
2012-05-28,543.05,546.95,539.02,546.01,25239,218538
2012-05-29,546.01,553.53,541.71,551.11,31706,220766
2012-05-30,551.11,552.19,546.28,548.83,34237,225169
2012-05-31,548.56,550.04,542.78,547.08,41950,226878
2012-06-01,547.75,549.36,541.98,546.68,35927,233690
2012-06-04,546.54,546.81,535.66,536.87,35661,234060
2012-06-05,536.07,544.93,535.8,544.53,32512,235416
2012-06-06,543.19,547.62,540.37,545.6,28129,236761
2012-06-07,546.96,554.02,546.96,553.34,36718,237811
2012-06-08,552.66,558.09,546.01,547.1,43864,246234
2012-06-11,547.37,551.98,544.79,551.98,4228,235372
2012-06-12,556.59,556.59,546.42,548.86,48419,245968
2012-06-13,549.27,551.17,544.11,546.42,44362,247456
2012-06-14,545.33,547.64,541.13,543.3,41869,253594
2012-06-15,542.48,546.83,540.18,544.52,39244,251836
2012-06-18,544.93,557.0,544.93,555.78,120943,277806
2012-06-19,555.78,556.32,549.95,555.1,316285,360646
2012-06-20,555.78,561.07,553.88,555.37,186997,326862
2012-06-21,554.83,559.85,548.72,550.76,47021,305708
2012-06-22,551.44,553.34,542.35,542.89,29413,219721
2012-06-25,542.48,545.88,537.19,542.35,33629,228277
2012-06-26,541.4,542.21,536.38,540.45,24735,228049
2012-06-27,540.45,544.52,538.14,544.38,22003,229062
2012-06-28,544.25,548.86,543.7,545.47,26374,234014
2012-06-29,544.65,554.7,540.18,550.49,44625,243069
2012-07-02,552.12,559.58,550.76,555.92,33089,246749
2012-07-03,555.37,559.58,554.56,556.05,23135,237434
2012-07-04,555.37,562.16,555.24,562.02,23135,237434
2012-07-05,561.21,562.56,559.44,560.53,18887,236794
2012-07-06,560.39,564.33,557.68,559.72,22195,236682
2012-07-09,558.9,559.85,552.93,554.97,21160,236501
2012-07-10,554.56,556.87,549.81,551.57,22366,238127
2012-07-11,552.25,555.37,547.64,551.44,20198,237817
2012-07-12,551.17,553.2,546.15,547.91,25388,239126
2012-07-13,546.83,551.98,545.47,549.4,26735,242947
2012-07-16,548.45,555.1,547.91,552.52,21321,241200
2012-07-17,551.71,559.17,551.17,557.14,32315,250055
2012-07-18,556.46,558.77,553.2,555.24,28045,246697
2012-07-19,555.51,565.41,554.83,564.46,30198,247306
2012-07-20,564.06,567.31,563.11,565.14,26570,240693
2012-07-23,565.69,566.91,554.42,554.97,35642,242406
2012-07-24,554.97,556.46,550.08,554.29,25965,240362
2012-07-25,554.15,554.83,547.23,553.88,29573,243113
2012-07-26,553.61,557.82,552.93,556.73,24346,244312
2012-07-27,555.92,566.91,553.88,566.23,32476,245796
2012-07-30,566.23,573.96,564.46,570.98,31829,248657
2012-07-31,570.43,576.95,570.43,573.56,35205,251891
2012-08-01,573.42,574.64,570.71,573.42,25971,248664
2012-08-02,573.83,575.86,571.66,573.69,21792,248428
2012-08-03,573.83,577.36,565.55,567.86,32730,254281
2012-08-06,567.72,578.03,567.72,573.96,26814,248567
2012-08-07,574.37,577.49,573.96,576.54,19514,247029
2012-08-08,576.68,581.29,576.54,580.75,24246,250055
2012-08-09,580.48,582.78,578.58,580.07,28212,252438
2012-08-10,580.2,581.56,574.78,577.36,26187,253391
2012-08-13,577.08,580.88,575.32,576.68,22186,254023
2012-08-14,576.95,578.71,575.32,577.49,25022,256939
2012-08-15,577.36,580.2,573.01,576.13,39053,265755
2012-08-16,576.13,582.24,575.32,581.15,24794,270900
2012-08-17,580.61,588.48,580.2,587.53,30021,265084
2012-08-20,587.4,591.2,586.72,589.97,27515,261135
2012-08-21,590.52,595.81,588.62,593.77,29431,265913
2012-08-22,593.77,597.03,590.25,591.74,25356,267092
2012-08-23,591.87,595.67,589.97,592.69,28065,267140
2012-08-24,593.23,594.18,586.58,587.8,21537,269996
2012-08-27,587.53,592.42,586.72,588.48,20820,269707
2012-08-28,588.62,591.2,587.4,589.84,22927,272954
2012-08-29,589.7,591.2,588.21,590.52,19899,274529
2012-08-30,589.7,591.06,582.24,584.14,30069,276257
2012-08-31,584.14,586.45,581.7,584.55,34452,287209
2012-09-03,584.82,589.16,581.43,588.35,34452,287209
2012-09-04,588.21,590.11,582.51,585.22,25865,289308
2012-09-05,584.41,585.22,577.63,581.02,29801,290122
2012-09-06,581.29,587.53,579.66,585.77,33662,296898
2012-09-07,585.9,592.96,585.63,587.67,35443,299055
2012-09-10,588.21,590.79,585.9,587.67,23453,294607
2012-09-11,587.53,589.84,585.36,586.72,20581,292237
2012-09-12,588.21,592.69,587.94,592.15,32812,300940
2012-09-13,591.74,593.64,588.35,589.84,30741,294829
2012-09-14,589.3,597.43,588.76,595.8,62810,323961
2012-09-17,595.4,600.82,595.4,596.89,168697,361658
2012-09-18,596.75,598.79,594.99,595.8,278568,448961
2012-09-19,595.67,600.41,594.58,599.73,223927,469648
2012-09-20,600.14,600.95,596.62,597.02,49098,378573
2012-09-21,595.94,600.41,594.99,597.7,26351,247842
2012-09-24,597.57,599.6,593.91,596.08,25507,251008
2012-09-25,595.8,596.62,592.69,594.31,22971,251329
2012-09-26,594.04,595.94,588.89,591.87,20123,251648
2012-09-27,591.6,595.26,587.81,594.45,27100,255263
2012-09-28,593.91,596.48,591.06,594.18,30243,254805
2012-10-01,593.77,598.92,589.3,595.53,23204,253770
2012-10-02,596.48,601.9,596.35,600.95,28098,258346
2012-10-03,600.41,604.61,600.14,601.09,24993,255271
2012-10-04,600.68,605.02,600.55,604.48,25598,257818
2012-10-05,604.61,609.9,602.45,608.82,26252,260013
2012-10-08,608.54,611.66,606.92,607.05,19651,257138
2012-10-09,606.65,612.07,605.7,611.12,23471,259302
2012-10-10,610.85,611.12,606.24,607.73,23499,261787
2012-10-11,607.6,608.68,602.85,606.65,27400,263633
2012-10-12,606.38,610.31,606.11,608.27,19562,260330
2012-10-15,607.87,609.49,605.43,607.32,25044,262951
2012-10-16,607.6,611.93,607.05,608.82,33804,267043
2012-10-17,608.82,614.78,608.68,614.64,40695,270475
2012-10-18,615.05,620.74,614.37,616.68,33518,268023
2012-10-19,616.54,619.52,614.37,618.98,27874,263351
2012-10-22,619.39,619.52,611.8,614.37,22317,265625
2012-10-23,614.64,618.03,610.98,614.24,25013,263920
2012-10-24,613.69,613.83,606.78,608.82,34840,263738
2012-10-25,608.54,611.39,606.51,610.04,22457,267337
2012-10-26,610.31,612.75,604.48,605.16,29750,275063
2012-10-29,604.75,609.22,604.34,606.92,28391,272094
2012-10-30,606.92,608.95,604.89,607.73,23176,267204
2012-10-31,607.05,612.61,606.65,610.44,30031,270638
2012-11-01,610.04,613.15,600.95,601.23,44606,282007
2012-11-02,601.36,607.46,601.23,602.45,29077,276622
2012-11-05,602.58,607.05,599.19,604.21,30657,271323
2012-11-06,604.07,606.92,601.9,606.24,21592,269630
2012-11-07,605.97,611.12,604.48,609.36,29111,272577
2012-11-08,609.9,612.48,601.9,608.0,28119,276697
2012-11-09,607.73,608.27,600.95,607.73,32995,281346
2012-11-12,607.73,608.54,603.26,604.07,26786,281434
2012-11-13,604.21,605.56,594.72,594.86,40483,286816
2012-11-14,594.99,599.6,593.91,596.35,32873,283236
2012-11-15,596.21,597.57,589.3,589.71,34858,285448
2012-11-16,589.57,591.6,588.35,589.3,23957,273639
2012-11-19,588.49,593.77,585.78,593.5,23594,278906
2012-11-20,593.36,597.43,592.01,596.08,27020,262898
2012-11-21,596.21,597.57,593.23,593.77,26437,263373
2012-11-22,594.45,602.17,593.77,599.46,26437,263373
2012-11-23,599.33,600.41,597.43,599.06,12804,259645
2012-11-26,599.73,603.53,597.57,600.68,16794,261982
2012-11-27,600.28,606.51,599.19,606.24,25829,267593
2012-11-28,606.11,606.24,602.04,603.26,18049,266135
2012-11-29,603.26,608.95,600.82,608.41,21854,269437
2012-11-30,608.14,613.29,608.14,612.07,36119,277314
2012-12-03,612.34,616.81,611.93,616.68,28934,280837
2012-12-04,616.27,618.03,610.44,610.58,25895,280305
2012-12-05,610.71,614.37,610.04,613.29,22381,281213
2012-12-06,613.42,616.27,611.26,611.93,28237,283644
2012-12-07,611.93,618.44,611.66,618.03,23039,282365
2012-12-10,617.9,620.61,616.41,618.98,24831,282386
2012-12-11,619.12,621.96,617.63,620.74,24411,286535
2012-12-12,620.74,625.08,620.47,622.91,38831,293403
2012-12-13,623.32,625.23,621.41,621.96,33055,296906
2012-12-14,622.09,623.73,619.78,620.73,37530,304933
2012-12-17,621.41,621.96,619.1,619.91,172728,356760
2012-12-18,619.91,625.77,619.1,623.87,317078,434510
2012-12-19,624.0,628.77,624.0,627.27,217905,401823
2012-12-20,627.41,630.27,624.55,628.09,52437,369590
2012-12-21,628.36,632.45,625.36,625.77,29304,256258
2012-12-24,626.05,630.54,625.91,628.63,29304,256258
2012-12-27,625.91,631.5,625.91,630.68,9768,253120
2012-12-28,631.22,636.67,629.04,633.13,16538,255058
2012-12-31,633.54,634.22,627.95,629.04,14247,256331
2013-01-02,633.95,638.86,631.63,638.31,17655,258382
2013-01-03,637.9,643.08,634.9,642.67,29070,263537
2013-01-04,642.26,643.76,638.86,641.17,21755,262003
2013-01-07,641.31,644.44,638.72,639.4,24502,258844
2013-01-08,639.54,642.13,634.9,635.72,29394,264220
2013-01-09,635.58,638.45,635.04,637.49,25716,266865
2013-01-10,637.36,640.76,636.4,639.4,23006,261978
2013-01-11,639.67,642.13,636.67,637.9,27654,267149
2013-01-14,638.17,641.31,637.9,638.99,21371,265452
2013-01-15,638.99,640.9,637.22,639.4,22412,267378
2013-01-16,639.26,641.85,636.4,641.17,33466,271769
2013-01-17,640.9,648.12,639.67,643.35,33493,276228
2013-01-18,643.76,649.08,643.76,645.94,16921,262593
2013-01-21,646.76,648.67,644.31,646.35,16921,262593
2013-01-22,646.49,650.3,644.85,646.21,27965,267474
2013-01-23,646.62,649.89,643.22,647.71,26565,269146
2013-01-24,647.71,651.8,646.62,651.53,24041,267845
2013-01-25,651.67,655.48,650.44,654.66,24590,269488
2013-01-28,655.21,659.16,655.07,658.62,5297,271791
2013-01-29,659.16,662.7,657.52,661.48,32127,272947
2013-01-30,661.48,663.79,659.16,662.29,25960,271099
2013-01-31,662.29,664.61,658.07,660.25,37166,278846
2013-02-01,660.25,666.25,659.71,664.88,28232,276448
2013-02-04,665.29,668.97,662.84,663.52,27101,277411
2013-02-05,663.66,664.07,657.93,660.11,32424,277797
2013-02-06,659.71,667.06,658.89,665.43,25013,279627
2013-02-07,665.57,667.47,663.11,666.93,25255,280998
2013-02-08,666.79,672.52,664.2,672.52,24102,280825
2013-02-11,672.38,673.06,669.79,670.33,22612,280712
2013-02-12,670.47,673.47,670.06,671.29,22550,282660
2013-02-13,671.29,677.69,671.15,675.38,30570,286386
2013-02-14,675.38,682.05,674.29,680.56,30670,291734
2013-02-15,680.42,681.65,677.01,680.69,30766,293653
2013-02-18,681.24,687.51,680.69,687.1,30766,293653
2013-02-19,687.1,690.09,685.05,689.55,22447,296383
2013-02-20,689.41,693.23,688.19,691.32,37345,305909
2013-02-21,691.32,692.55,675.38,676.88,50049,316040
2013-02-22,677.01,686.55,674.83,680.42,42060,298272
2013-02-25,680.83,688.05,678.92,687.1,27253,297677
2013-02-26,687.37,690.23,675.92,678.37,36013,297930
2013-02-27,678.78,685.05,677.28,684.1,26659,293702
2013-02-28,684.23,694.59,682.6,692.96,40978,303174
2013-03-01,693.37,693.5,687.51,691.46,29108,308488
2013-03-04,691.59,692.96,681.78,684.23,34676,307321
2013-03-05,684.23,694.59,683.69,692.14,37345,307332
2013-03-06,692.41,699.77,690.23,698.0,37825,313230
2013-03-07,697.59,699.9,694.46,696.5,30812,308068
2013-03-08,698.13,699.9,695.82,698.27,30904,311709
2013-03-11,699.77,702.62,697.73,702.62,32288,311618
2013-03-12,702.22,704.26,697.18,697.32,40867,318079
2013-03-13,697.86,699.63,692.69,695.14,55525,324930
2013-03-14,695.69,696.64,685.62,685.76,74553,347256
2013-03-15,686.44,699.09,685.62,698.41,75687,345292
2013-03-18,698.54,698.81,682.63,682.76,169987,393793
2013-03-19,682.9,690.65,680.18,680.59,370616,573983
2013-03-20,680.31,681.13,673.38,676.5,202102,526548
2013-03-21,676.37,681.27,673.92,676.1,56993,398892
2013-03-22,675.69,679.36,670.11,675.96,28002,251060
2013-03-25,675.14,685.08,674.33,680.72,29243,254323
2013-03-26,681.27,681.27,672.02,674.19,28178,256121
2013-03-27,674.19,681.67,672.42,680.72,28346,257664
2013-03-28,680.45,681.67,675.14,675.69,28346,257664
2013-04-02,676.23,681.81,675.28,676.91,28092,257726
2013-04-03,677.32,682.63,671.2,673.92,40026,262700
2013-04-04,674.33,676.23,666.57,668.21,30245,265415
2013-04-05,668.61,671.88,663.99,665.89,31338,268792
2013-04-08,665.76,668.89,659.77,668.07,27483,262960
2013-04-09,667.93,677.46,665.35,675.96,32420,272031
2013-04-10,675.82,678.27,673.1,675.28,26224,253103
2013-04-11,675.55,682.22,675.55,681.67,24099,251607
2013-04-12,681.67,685.35,680.72,682.35,26262,250303
2013-04-15,682.49,683.44,670.52,674.87,32170,252459
2013-04-16,675.01,676.23,665.35,672.83,30507,253597
2013-04-17,672.7,681.13,670.93,680.45,31832,255718
2013-04-18,681.27,681.27,668.89,670.93,35793,256469
2013-04-19,670.52,674.33,667.25,670.11,25407,255109
2013-04-22,669.57,675.69,668.21,674.6,20953,249385
2013-04-23,675.14,684.8,672.02,680.45,27390,255195
2013-04-24,680.99,694.87,679.5,694.73,32051,258670
2013-04-25,694.73,697.86,694.33,695.82,4488,258051
2013-04-26,696.23,700.04,692.01,694.73,24689,258735
2013-04-29,694.87,698.0,693.1,697.73,18831,255198
2013-04-30,698.95,705.75,697.86,703.03,31313,259808
2013-05-01,703.17,704.39,700.45,702.08,18627,260813
2013-05-02,702.62,703.3,694.46,696.64,22136,266154
2013-05-03,697.45,703.71,695.69,697.45,23302,259203
2013-05-06,697.32,706.43,696.23,700.99,23382,259703
2013-05-07,700.72,703.85,694.33,698.41,26145,261890
2013-05-08,698.68,706.43,698.13,706.3,23625,261981
2013-05-09,706.84,708.75,703.85,706.57,29590,266718
2013-05-10,706.43,712.69,704.66,708.34,24338,267200
2013-05-13,709.02,711.19,706.43,708.2,21977,269627
2013-05-14,708.47,712.28,707.79,710.79,18070,269008
2013-05-15,711.06,715.55,703.3,707.52,39650,275446
2013-05-16,707.52,710.79,701.54,703.85,30069,274882
2013-05-17,704.12,707.52,703.03,706.43,24081,271149
2013-05-20,705.75,714.73,703.98,710.11,24943,276658
2013-05-21,709.15,711.87,702.22,706.3,28904,274722
2013-05-22,706.57,710.65,701.26,703.44,27675,276897
2013-05-23,703.58,708.2,688.48,689.7,49974,292803
2013-05-24,689.29,693.92,673.65,676.5,33065,293104
2013-05-27,676.5,676.91,670.38,673.51,33065,293104
2013-05-28,674.06,677.73,671.47,675.42,27663,290281
2013-05-29,676.1,679.63,674.06,677.59,34899,295245
2013-05-30,677.59,677.59,666.85,672.29,37059,298884
2013-05-31,672.15,676.78,666.85,671.06,30747,301976
2013-06-03,670.38,672.29,662.9,664.53,40074,298999
2013-06-04,664.53,668.48,660.32,666.3,30697,298648
2013-06-05,666.57,666.98,657.05,657.19,36991,302624
2013-06-06,656.78,659.64,649.43,650.66,38388,302486
2013-06-07,650.66,651.34,642.77,644.81,49388,317579
2013-06-10,645.35,654.6,643.45,652.56,5740,305468
2013-06-11,652.7,653.92,644.4,648.21,28522,309698
2013-06-12,647.12,647.53,640.32,643.45,38701,316387
2013-06-13,643.72,645.09,633.58,637.0,43932,324969
2013-06-14,636.18,653.46,635.91,651.13,49932,330077
2013-06-17,650.71,657.98,645.5,657.02,201773,369371
2013-06-18,657.3,661.27,648.52,655.93,375872,492874
2013-06-19,654.83,663.88,653.87,663.05,171295,443950
2013-06-20,662.51,663.19,642.21,645.78,57778,356114
2013-06-21,646.6,648.52,632.75,642.76,40125,250235
2013-06-24,643.45,644.68,633.44,635.22,36208,252749
2013-06-25,635.36,638.79,625.9,636.73,43272,263593
2013-06-26,636.87,647.01,636.18,644.96,35794,264984
2013-06-27,644.13,658.26,644.0,654.55,36596,252800
2013-06-28,653.73,661.0,652.09,653.87,30505,254641
2013-07-01,655.51,656.61,639.34,642.76,38899,253668
2013-07-02,644.55,658.39,642.63,656.61,34299,254243
2013-07-03,656.06,656.2,641.53,645.37,17971,252083
2013-07-04,644.41,653.32,642.08,650.99,17971,252083
2013-07-05,651.13,660.86,650.03,657.3,17898,254514
2013-07-08,656.75,660.45,650.58,654.97,23666,257757
2013-07-09,655.38,666.21,654.97,663.74,24120,248802
2013-07-10,664.56,674.02,661.96,667.44,28597,248661
2013-07-11,667.85,675.81,663.88,674.02,27858,248061
2013-07-12,674.71,682.39,674.3,676.77,23933,245091
2013-07-15,676.08,680.06,674.85,677.86,21174,249635
2013-07-16,678.69,681.56,676.35,678.27,17678,249679
2013-07-17,678.69,679.51,675.53,677.31,24131,256067
2013-07-18,677.86,682.8,676.9,678.96,21566,257346
2013-07-19,679.78,684.44,674.43,677.59,21745,259620
2013-07-22,678.0,684.17,677.04,680.06,17570,251159
2013-07-23,680.47,684.03,679.92,682.39,21739,254085
2013-07-24,682.52,687.6,681.29,684.58,24681,258953
2013-07-25,685.27,688.83,680.74,684.58,22140,255907
2013-07-26,684.72,688.83,680.74,686.64,20993,258799
2013-07-29,686.36,688.28,682.66,686.91,17949,263635
2013-07-30,686.91,688.42,683.21,686.5,25713,264655
2013-07-31,686.5,693.36,685.81,686.91,32415,270948
2013-08-01,687.19,692.67,683.35,686.5,30928,274818
2013-08-02,686.64,695.69,686.23,694.86,23343,277233
2013-08-05,694.32,697.33,692.67,694.04,17246,273932
2013-08-06,694.32,695.14,690.48,693.77,22784,272482
2013-08-07,694.32,694.86,679.37,680.88,37800,278293
2013-08-08,680.06,690.34,676.63,685.68,35445,280059
2013-08-09,686.09,690.2,681.84,686.09,28529,281946
2013-08-12,686.36,694.59,683.76,693.77,26770,279920
2013-08-13,693.22,701.86,690.34,701.44,31392,284805
2013-08-14,701.03,705.7,699.11,701.99,35790,288152
2013-08-15,701.99,704.46,698.15,700.62,22388,280277
2013-08-16,700.35,700.9,692.81,695.28,24151,276574
2013-08-19,695.41,699.53,694.32,697.61,23933,277139
2013-08-20,697.74,699.94,689.79,692.53,26452,282707
2013-08-21,692.26,697.19,691.3,696.37,25568,283496
2013-08-22,696.23,697.06,684.99,690.89,31580,289060
2013-08-23,691.3,701.99,691.3,700.21,30073,295859
2013-08-26,698.84,704.74,698.02,702.82,24723,296885
2013-08-27,702.13,702.95,697.33,702.4,21594,300773
2013-08-28,701.99,702.82,692.81,694.86,29804,308284
2013-08-29,694.73,697.61,691.3,695.96,25463,306694
2013-08-30,696.37,702.82,693.08,701.72,34002,290189
2013-09-02,701.99,711.59,698.57,710.77,34002,290189
2013-09-03,711.04,714.2,709.53,711.59,23189,291690
2013-09-04,711.59,712.96,705.42,706.93,31135,287728
2013-09-05,706.52,710.49,700.49,704.46,29891,287142
2013-09-06,703.78,707.89,700.62,705.42,24295,286981
2013-09-09,705.56,711.87,702.54,711.87,26385,290660
2013-09-10,711.18,715.57,708.71,713.78,23013,275769
2013-09-11,714.06,718.86,713.92,717.21,27584,273873
2013-09-12,717.35,720.78,716.39,718.45,42401,281514
2013-09-13,718.58,719.54,714.75,716.8,60036,299451
2013-09-16,716.66,724.48,715.84,720.5,170437,355117
2013-09-17,720.36,722.15,716.53,720.64,336896,422766
2013-09-18,720.64,721.73,716.53,718.99,188897,429763
2013-09-19,718.72,728.45,718.31,727.22,48938,319843
2013-09-20,726.94,728.72,721.73,722.01,23835,251115
2013-09-23,721.6,723.52,716.25,721.19,19057,249887
2013-09-24,720.91,721.6,715.16,718.31,16476,248942
2013-09-25,718.03,724.61,716.25,722.97,24441,253632
2013-09-26,721.32,727.08,718.86,726.8,25765,260836
2013-09-27,726.39,729.55,724.75,727.49,17929,259220
2013-09-30,726.8,727.22,714.2,715.71,31510,258756
2013-10-01,715.43,718.58,712.42,713.79,29873,262579
2013-10-02,715.02,717.35,711.59,714.2,20311,258207
2013-10-03,713.24,720.64,711.46,716.66,23424,256584
2013-10-04,716.8,717.49,711.32,713.24,22227,256277
2013-10-07,712.55,718.03,703.92,706.66,24535,262526
2013-10-08,706.39,706.94,701.32,704.61,26542,259146
2013-10-09,704.47,705.98,698.99,704.33,20130,255268
2013-10-10,704.06,704.33,698.03,703.37,21513,259574
2013-10-11,703.24,717.35,702.14,716.53,30756,262708
2013-10-14,716.39,721.32,709.26,713.51,23819,259786
2013-10-15,713.51,721.19,713.1,719.27,20442,261152
2013-10-16,718.99,721.19,714.47,719.68,32182,262504
2013-10-17,720.23,723.93,717.35,722.83,24708,260484
2013-10-18,723.38,729.13,720.5,729.13,22617,257764
2013-10-21,728.59,734.2,728.45,731.19,20520,256769
2013-10-22,731.46,736.26,730.5,733.93,21232,256457
2013-10-23,734.34,739.41,731.87,732.56,25617,259127
2013-10-24,732.01,736.53,730.37,735.85,22657,260462
2013-10-25,736.26,738.18,734.75,737.9,19871,260477
2013-10-28,736.94,746.54,736.67,744.07,31735,265122
2013-10-29,744.62,745.58,739.41,741.06,28463,267369
2013-10-30,741.19,746.26,740.78,742.56,22084,265619
2013-10-31,743.11,744.89,737.08,742.15,33738,271752
2013-11-01,742.29,745.99,737.9,738.59,27771,266704
2013-11-04,739.0,742.43,736.12,737.22,21588,271482
2013-11-05,737.36,743.39,736.12,742.29,22915,271270
2013-11-06,742.97,742.97,737.77,742.43,24898,272180
2013-11-07,742.43,744.76,741.47,743.93,33110,275867
2013-11-08,743.8,747.63,738.86,741.19,26011,273097
2013-11-11,740.78,749.28,738.18,740.1,32131,277391
2013-11-12,740.78,745.3,739.96,741.47,25443,276127
2013-11-13,741.47,741.74,729.0,731.19,37475,275978
2013-11-14,731.6,738.86,728.17,735.16,35082,279684
2013-11-15,735.03,742.7,731.33,741.19,30234,277307
2013-11-18,740.64,742.56,735.3,739.69,31198,278414
2013-11-19,739.96,740.51,733.52,735.57,26710,272331
2013-11-20,735.71,735.99,726.94,727.9,39269,280174
2013-11-21,727.49,731.46,725.3,726.39,27461,277671
2013-11-22,726.53,735.44,725.85,732.97,22733,274736
2013-11-25,732.97,738.59,732.01,736.53,24909,275416
2013-11-26,736.4,738.45,733.79,737.63,26319,277865
2013-11-27,738.04,738.32,731.87,733.11,25703,280989
2013-11-28,731.87,737.08,731.19,733.38,25703,280989
2013-11-29,733.93,735.03,728.17,730.23,21219,276231
2013-12-02,730.37,733.38,722.69,724.34,29759,281766
2013-12-03,723.79,725.16,719.68,719.95,28247,280169
2013-12-04,719.95,724.48,713.51,723.1,36079,280467
2013-12-05,723.24,724.48,713.1,714.06,33099,278943
2013-12-06,714.2,714.33,705.98,710.36,31165,272477
2013-12-09,711.18,714.47,703.65,704.74,31775,273279
2013-12-10,704.74,710.64,703.1,705.29,35061,280633
2013-12-11,705.15,705.29,698.58,700.91,39483,291501
2013-12-12,700.91,702.84,688.63,692.63,56356,295000
2013-12-13,692.91,699.53,688.77,698.15,68367,301403
2013-12-16,699.11,699.11,693.32,698.98,199545,333860
2013-12-17,699.11,706.97,696.49,698.84,274398,424729
2013-12-18,699.11,702.15,697.18,698.84,191001,365878
2013-12-19,699.39,715.39,696.77,714.84,48946,323148
2013-12-20,714.7,723.52,711.25,720.63,30634,234360
2013-12-23,720.63,727.8,718.56,726.7,21868,228750
2013-12-24,726.83,733.59,723.94,733.18,21868,228750
2013-12-27,737.04,738.14,730.42,732.9,13112,224132
2013-12-30,732.77,738.01,732.63,734.56,13299,223206
2013-12-31,734.7,737.18,732.21,733.45,12280,227654
2014-01-02,734.83,738.97,734.01,737.18,13600,228544
2014-01-03,737.59,738.42,730.14,732.63,19766,232864
2014-01-06,732.49,737.04,728.77,731.52,21462,229878
2014-01-07,731.66,733.59,728.63,730.28,20351,231412
2014-01-08,729.87,734.42,726.7,729.18,17837,235583
2014-01-09,729.46,731.39,725.46,730.01,18534,232828
2014-01-10,730.14,732.35,726.97,729.59,15086,232894
2014-01-13,730.28,731.66,724.21,725.59,20669,234604
2014-01-14,725.18,725.46,712.77,713.59,36313,241858
2014-01-15,713.59,719.66,712.35,717.87,26070,241516
2014-01-16,718.28,727.25,717.87,726.97,24476,246367
2014-01-17,726.7,728.9,723.11,726.42,23359,231232
2014-01-20,725.87,728.35,719.39,724.9,23359,231232
2014-01-21,724.49,730.28,721.87,729.32,15202,229937
2014-01-22,728.9,731.39,722.97,728.21,22427,236467
2014-01-23,727.66,727.94,717.59,721.04,31673,239422
2014-01-24,720.49,722.84,714.15,716.77,28911,240719
2014-01-27,717.32,719.8,706.28,711.25,7726,234212
2014-01-28,704.08,712.49,701.32,707.94,41628,240643
2014-01-29,707.94,715.11,704.91,713.59,26713,237921
2014-01-30,713.32,713.46,703.39,708.63,33339,237265
2014-01-31,708.22,712.22,705.73,709.32,25722,242041
2014-02-03,709.59,711.53,702.42,709.59,25594,234187
2014-02-04,708.63,709.46,694.98,696.49,40605,245020
2014-02-05,694.84,697.6,689.32,692.08,42554,248624
2014-02-06,692.49,700.91,689.04,700.91,32365,241695
2014-02-07,699.94,706.84,698.84,706.42,27697,239321
2014-02-10,706.42,713.59,704.08,712.9,28538,238048
2014-02-11,712.77,719.53,710.42,717.59,27704,240849
2014-02-12,717.73,726.83,716.77,725.87,29773,244511
2014-02-13,726.15,729.59,724.9,725.87,24777,241927
2014-02-14,725.46,732.49,724.63,732.08,26407,240638
2014-02-17,733.04,739.11,732.77,737.18,26407,240638
2014-02-18,736.9,741.04,736.9,739.66,21780,244772
2014-02-19,739.8,743.11,738.14,741.59,39694,248892
2014-02-20,741.45,746.01,738.56,742.14,34897,249830
2014-02-21,741.32,748.76,741.18,746.7,28009,248467
2014-02-24,747.11,750.01,745.45,747.94,25564,248938
2014-02-25,748.21,755.38,746.01,746.14,26360,251444
2014-02-26,745.59,750.69,744.76,749.87,28753,254799
2014-02-27,750.01,750.69,743.25,744.21,28813,257124
2014-02-28,744.63,749.18,740.49,744.21,36102,262288
2014-03-03,745.18,749.87,735.66,743.25,37184,269852
2014-03-04,742.83,745.73,738.56,745.45,31546,274721
2014-03-05,748.21,752.35,746.28,752.07,38243,278288
2014-03-06,752.35,753.18,747.25,750.42,27475,270527
2014-03-07,750.14,754.69,748.9,754.69,19916,264839
2014-03-10,754.83,756.76,745.59,747.52,26310,269668
2014-03-11,747.25,749.59,744.63,746.83,30551,270812
2014-03-12,746.97,748.9,736.76,741.04,37255,272966
2014-03-13,739.66,748.34,738.15,746.69,38811,274004
2014-03-14,744.62,744.62,733.74,734.29,84167,304441
2014-03-17,733.87,735.25,729.46,733.87,145316,333830
2014-03-18,733.74,739.8,732.5,737.46,362650,371705
2014-03-19,736.77,740.76,734.56,738.97,191715,348340
2014-03-20,738.28,740.35,728.5,730.02,60107,316812
2014-03-21,730.02,736.63,725.74,734.29,30423,229736
2014-03-24,734.01,737.87,730.02,737.04,24086,227414
2014-03-25,736.91,737.73,730.7,735.67,31545,229866
2014-03-26,735.11,743.8,734.01,740.08,30906,223775
2014-03-27,739.94,741.59,731.12,736.63,27964,225393
2014-03-28,736.77,740.35,732.91,738.15,19805,223447
2014-03-31,738.01,746.69,737.18,743.25,31804,230670
2014-04-01,743.38,745.59,736.77,741.87,32410,229035
2014-04-02,742.14,746.28,741.45,744.07,25781,224042
2014-04-03,744.21,747.24,743.52,745.59,19926,224530
2014-04-04,745.18,747.52,743.11,747.24,18809,225495
2014-04-07,747.24,748.48,741.04,745.31,19535,227770
2014-04-08,745.18,747.38,742.28,744.76,21141,226380
2014-04-09,745.04,754.68,742.97,753.03,38970,237282
2014-04-10,752.62,759.37,752.48,754.68,25454,242592
2014-04-11,755.51,755.79,745.31,746.97,27345,237526
2014-04-14,747.1,749.03,735.53,736.63,39666,238417
2014-04-15,737.04,744.07,735.67,741.04,29882,233043
2014-04-16,740.35,746.42,735.53,745.18,29101,230420
2014-04-17,744.9,751.51,744.07,750.14,29101,230420
2014-04-22,749.17,754.41,748.34,754.13,19986,232677
2014-04-23,754.0,759.78,754.0,759.23,24001,231231
2014-04-24,758.82,762.54,757.72,761.16,21481,234543
2014-04-25,760.75,763.78,759.51,762.13,4475,233661
2014-04-28,762.13,763.5,757.3,762.54,24326,238846
2014-04-29,763.23,766.12,751.93,754.82,37404,244375
2014-04-30,755.24,759.78,751.24,753.72,32120,240800
2014-05-01,754.41,758.41,747.38,748.9,30540,242365
2014-05-02,748.9,752.07,746.0,750.69,22587,242523
2014-05-05,751.1,754.55,747.52,751.79,24456,243533
2014-05-06,751.79,755.24,748.07,754.13,17536,235906
2014-05-07,754.13,754.27,743.8,746.97,32256,243267
2014-05-08,746.28,753.72,745.31,752.34,28862,245341
2014-05-09,752.89,755.1,746.83,751.79,24894,245062
2014-05-12,751.1,754.55,747.24,749.31,21446,245895
2014-05-13,748.62,757.72,748.62,756.2,27484,249906
2014-05-14,756.61,760.06,754.41,759.51,28903,251187
2014-05-15,759.23,761.71,755.1,761.44,30251,250961
2014-05-16,761.02,761.99,754.68,756.75,22963,248430
2014-05-19,756.48,758.68,745.18,746.55,30063,254751
2014-05-20,746.42,750.55,743.11,748.34,26257,250436
2014-05-21,748.48,750.0,741.32,749.17,29797,254197
2014-05-22,748.76,758.41,746.83,756.34,26840,259139
2014-05-23,756.2,760.47,754.96,759.51,13898,253567
2014-05-26,759.92,761.44,758.68,761.3,13898,253567
2014-05-27,761.71,763.37,760.06,761.71,15677,257338
2014-05-28,762.54,765.3,761.44,763.09,20887,261257
2014-05-29,762.95,764.75,758.27,762.26,19884,261046
2014-05-30,761.99,763.78,756.89,758.41,30922,267457
2014-06-02,757.99,762.4,756.06,761.58,22903,270181
2014-06-03,761.71,763.5,755.1,755.51,29774,267309
2014-06-04,755.79,758.54,750.0,750.41,31412,269581
2014-06-05,750.55,752.89,746.69,750.0,29866,268346
2014-06-06,750.14,754.82,746.14,752.62,24872,266309
2014-06-09,752.48,755.24,750.96,754.96,3315,256455
2014-06-10,754.27,758.54,753.31,754.82,21148,261890
2014-06-11,754.0,755.79,750.41,752.34,23171,261938
2014-06-12,751.79,751.79,747.34,748.31,35866,268153
2014-06-13,747.9,748.31,740.12,744.56,78101,280682
2014-06-16,744.15,746.51,740.95,746.23,188547,317558
2014-06-17,745.95,749.01,741.23,743.59,296247,379186
2014-06-18,743.87,745.12,740.12,741.37,159537,325525
2014-06-19,741.23,754.15,739.42,753.04,47469,294207
2014-06-20,752.48,752.9,745.4,747.34,28543,218401
2014-06-23,747.2,754.01,746.37,751.37,24122,218425
2014-06-24,750.67,752.34,747.06,748.45,19680,219125
2014-06-25,748.31,750.54,740.67,743.59,33226,226460
2014-06-26,743.31,754.98,741.65,753.73,38199,226940
2014-06-27,753.73,756.79,750.4,752.34,30432,229085
2014-06-30,751.92,754.01,742.62,743.73,39779,234986
2014-07-01,744.15,746.65,740.12,741.78,33629,223191
2014-07-02,741.65,752.9,740.81,751.79,32208,223105
2014-07-03,751.92,759.15,751.37,757.48,22043,226606
2014-07-07,761.65,763.73,760.26,760.95,15589,228331
2014-07-08,761.09,761.93,758.31,760.12,24226,232696
2014-07-09,760.26,760.54,749.29,752.06,37583,236441
2014-07-10,751.92,754.7,750.26,752.9,22252,227362
2014-07-11,752.9,758.59,747.2,757.62,30987,227890
2014-07-14,757.34,760.82,756.09,759.98,16690,227226
2014-07-15,759.98,763.45,756.65,758.59,25060,227959
2014-07-16,758.45,761.65,757.2,760.4,28353,234496
2014-07-17,760.54,766.65,759.98,761.65,30897,233899
2014-07-18,761.37,763.59,754.84,761.93,28275,229810
2014-07-21,761.51,765.54,761.09,764.01,16697,227619
2014-07-22,763.45,764.29,761.23,763.32,23876,231781
2014-07-23,763.32,771.51,763.18,767.76,35519,235607
2014-07-24,768.18,770.96,767.62,768.46,35519,235607
2014-07-30,769.84,775.54,768.73,774.85,26690,242946
2014-07-31,775.26,777.48,773.46,773.73,31109,247729
2014-08-01,773.6,774.15,762.48,763.87,36308,247923
2014-08-04,763.45,764.15,757.76,761.79,25352,244474
2014-08-05,761.51,763.45,757.62,760.4,27154,246389
2014-08-06,760.12,761.23,754.43,758.18,27352,243381
2014-08-07,758.04,759.15,753.87,756.93,31465,246129
2014-08-08,757.2,758.18,745.26,746.79,48268,246623
2014-08-11,745.95,752.62,743.17,749.29,28646,248309
2014-08-12,749.15,761.37,748.31,759.84,40103,254512
2014-08-13,760.12,760.68,756.09,758.18,24953,239563
2014-08-14,759.15,764.29,758.59,763.18,32075,239989
2014-08-15,763.04,767.21,761.37,764.84,23589,238829
2014-08-18,764.43,768.87,763.18,768.04,21625,238088
2014-08-19,768.59,776.23,767.9,775.54,34554,246508
2014-08-20,774.71,778.73,772.62,778.73,34190,253389
2014-08-21,778.32,784.43,777.48,778.6,34814,245877
2014-08-22,778.18,781.65,777.9,779.15,17832,239953
2014-08-25,778.6,779.57,775.96,777.9,22772,244916
2014-08-26,777.35,779.85,776.1,777.35,17372,241179
2014-08-27,778.04,782.49,776.79,781.93,23569,245261
2014-08-28,782.07,782.21,776.79,779.15,20441,245071
2014-08-29,779.43,780.26,776.65,779.98,20898,249099
2014-09-01,779.85,783.18,778.18,779.15,20898,249099
2014-09-02,779.01,784.29,777.35,784.29,21050,249454
2014-09-03,784.29,787.63,782.9,784.71,24859,251710
2014-09-04,784.43,786.93,779.43,782.49,21746,251214
2014-09-05,782.76,786.79,775.82,777.07,28403,252826
2014-09-08,776.79,778.73,771.79,775.26,26449,252269
2014-09-09,775.12,778.87,772.76,778.32,19276,252715
2014-09-10,778.73,779.71,772.07,774.71,35655,259235
2014-09-11,775.54,778.18,769.43,770.54,40933,261722
2014-09-12,769.43,770.68,765.26,769.15,52797,270119
2014-09-15,769.01,769.57,759.98,760.26,146855,293459
2014-09-16,760.12,761.65,754.84,756.09,288440,343153
2014-09-17,755.26,760.4,749.98,750.39,234361,328302
2014-09-18,751.09,754.56,745.67,750.67,56745,277116
2014-09-19,750.39,756.64,749.84,753.87,28709,219514
2014-09-22,753.45,754.7,742.33,744.7,32478,219481
2014-09-23,744.28,753.59,740.94,751.09,36287,225138
2014-09-24,750.11,750.25,743.31,747.34,29420,221309
2014-09-25,747.06,752.34,745.53,746.22,25187,222553
2014-09-26,745.67,746.22,735.94,736.92,31352,226129
2014-09-29,735.67,738.44,729.41,731.36,33140,222014
2014-09-30,731.08,734.83,727.05,734.0,36589,225527
2014-10-01,734.14,740.53,725.38,739.42,41916,226926
2014-10-02,738.72,739.28,731.78,734.0,30724,225907
2014-10-03,733.58,739.14,725.66,739.0,25697,227634
2014-10-06,738.17,741.08,731.78,733.44,17746,223559
2014-10-07,734.0,738.44,721.36,730.52,50076,230793
2014-10-08,729.83,729.97,720.94,725.94,35020,229208
2014-10-09,725.25,738.44,722.88,733.44,29693,227176
2014-10-10,732.75,736.22,716.35,716.63,49879,235503
2014-10-13,717.74,718.16,707.18,713.71,36884,234556
2014-10-14,713.85,722.88,708.57,719.55,37772,235360
2014-10-15,719.55,727.33,716.77,725.38,38917,239510
2014-10-16,725.52,728.02,711.91,726.91,56475,249391
2014-10-17,727.33,735.39,720.38,727.61,33571,238500
2014-10-20,727.47,739.97,726.91,737.19,25650,231867
2014-10-21,736.5,739.97,732.33,737.89,29410,231378
2014-10-22,737.47,747.34,736.08,747.06,32461,232250
2014-10-23,746.22,746.92,741.78,746.36,28659,239732
2014-10-24,745.67,751.92,743.86,750.81,33259,228768
2014-10-27,750.11,756.78,749.14,755.53,25251,229387
2014-10-28,755.26,757.2,751.78,756.92,23125,230342
2014-10-29,756.78,761.09,753.59,754.28,26806,229031
2014-10-30,753.45,758.59,752.2,758.31,25804,230775
2014-10-31,758.31,766.79,756.23,766.65,37627,235287
2014-11-03,766.93,769.98,761.37,763.17,26928,235321
2014-11-04,763.04,766.51,761.92,765.12,23406,237036
2014-11-05,764.56,765.54,758.87,764.7,25663,231212
2014-11-06,765.26,768.59,760.53,763.45,29897,234446
2014-11-07,764.29,772.34,764.15,771.51,40593,237371
2014-11-10,771.37,773.32,765.95,769.7,31336,239643
2014-11-11,769.57,772.48,767.2,768.45,23941,235526
2014-11-12,768.45,769.7,760.53,762.48,26012,238357
2014-11-13,762.62,762.76,756.64,757.06,25577,239557
2014-11-14,756.92,760.4,754.56,759.84,22194,235580
2014-11-17,759.42,763.17,752.48,753.87,26693,236284
2014-11-18,753.59,756.09,749.84,752.2,25460,235462
2014-11-19,752.06,754.7,746.36,746.78,28987,240698
2014-11-20,746.78,747.34,738.31,738.72,29392,242119
2014-11-21,738.58,741.64,734.83,737.47,30755,241140
2014-11-24,737.47,748.73,736.78,743.86,33918,240066
2014-11-25,743.72,744.42,736.5,743.31,35258,239397
2014-11-26,743.72,751.5,742.47,751.23,18347,235432
2014-11-27,750.81,754.42,749.56,752.2,23930,242478
2014-11-28,752.62,752.89,738.86,741.64,27321,238058
2014-12-01,742.06,742.75,723.72,724.13,42243,245514
2014-12-02,723.99,735.67,720.1,734.97,38347,242757
2014-12-03,734.97,741.92,730.39,741.36,31513,239313
2014-12-04,740.81,747.89,740.53,746.36,30094,236010
2014-12-05,745.81,750.25,737.75,740.94,26673,234364
2014-12-08,742.06,752.06,740.81,748.86,32300,238524
2014-12-09,749.0,749.7,733.86,734.14,36522,241723
2014-12-10,733.86,736.08,725.38,729.55,40152,245017
2014-12-11,729.27,730.25,718.91,726.75,38800,247709
2014-12-12,726.19,730.53,722.55,724.79,37644,248028
2014-12-15,723.95,724.51,714.7,719.33,153913,279545
2014-12-16,719.61,723.39,713.02,715.96,329776,351691
2014-12-17,715.68,722.13,711.06,717.23,232545,369011
2014-12-18,717.23,732.35,715.68,723.25,53899,339563
2014-12-19,723.25,744.96,723.11,744.12,38555,211042
2014-12-22,744.68,759.39,740.62,757.71,35580,213495
2014-12-23,757.15,758.13,746.5,747.9,20653,209940
2014-12-24,747.62,752.81,745.52,751.83,20653,209940
2014-12-29,752.67,766.11,751.55,765.69,17190,210078
2014-12-30,765.55,765.97,752.39,753.93,21238,207433
2014-12-31,754.21,757.57,751.13,754.07,10707,211920
